ID,Question,Answer,Keywords
1,What is Artificial Intelligence?,"It works by combining data with algorithms.
Beginners can learn it through practice and projects.
It is useful in healthcare, finance, and education.
Learning it can create strong career opportunities.
It is commonly connected with automation and AI tools.
It improves speed, accuracy, and decision-making.
It is widely used in real-world applications.
Experts continue developing better methods every year.
Many companies use it to improve productivity.
It is growing rapidly across many industries.","data, systems, automation, technology, AI, algorithms"
2,Why is Machine Learning important?,"Learning it can create strong career opportunities.
Many companies use it to improve productivity.
Beginners can learn it through practice and projects.
It is commonly connected with automation and AI tools.
It supports innovation in business and research.
It is an important topic in modern technology.
It helps systems perform tasks more efficiently.
It works by combining data with algorithms.
It helps organizations analyze large amounts of data.
It is widely used in real-world applications.","accuracy, model, machine learning, data, prediction, training"
3,How does Deep Learning work?,"It is widely used in real-world applications.
It is an important topic in modern technology.
Many companies use it to improve productivity.
It can reduce human effort in repetitive tasks.
It is useful in healthcare, finance, and education.
It works by combining data with algorithms.
Learning it can create strong career opportunities.
It helps systems perform tasks more efficiently.
It is commonly connected with automation and AI tools.
Beginners can learn it through practice and projects.","training, models, neurons, patterns, layers, deep learning"
4,What are the benefits of Natural Language Processing?,"It is commonly connected with automation and AI tools.
Beginners can learn it through practice and projects.
It works by combining data with algorithms.
It improves speed, accuracy, and decision-making.
Many companies use it to improve productivity.
It helps organizations analyze large amounts of data.
Learning it can create strong career opportunities.
It supports innovation in business and research.
It is an important topic in modern technology.
Experts continue developing better methods every year.","translation, language, NLP, speech, chatbot, text"
5,Where is Neural Networks used?,"It helps systems perform tasks more efficiently.
Learning it can create strong career opportunities.
It improves speed, accuracy, and decision-making.
Beginners can learn it through practice and projects.
Many companies use it to improve productivity.
It is commonly connected with automation and AI tools.
It is an important topic in modern technology.
Experts continue developing better methods every year.
It is growing rapidly across many industries.
It is useful in healthcare, finance, and education.","weights, neurons, neural network, layers, learning, AI"
6,What are the challenges of Data Science?,"It helps systems perform tasks more efficiently.
Learning it can create strong career opportunities.
It is commonly connected with automation and AI tools.
It helps organizations analyze large amounts of data.
It can reduce human effort in repetitive tasks.
Experts continue developing better methods every year.
It is widely used in real-world applications.
It is growing rapidly across many industries.
It improves speed, accuracy, and decision-making.
It is useful in healthcare, finance, and education.","statistics, analysis, data science, data, visualization, insights"
7,How can students learn Generative AI?,"It is commonly connected with automation and AI tools.
It works by combining data with algorithms.
Beginners can learn it through practice and projects.
Learning it can create strong career opportunities.
Experts continue developing better methods every year.
It is useful in healthcare, finance, and education.
It helps systems perform tasks more efficiently.
It supports innovation in business and research.
Many companies use it to improve productivity.
It helps organizations analyze large amounts of data.","creativity, text, models, images, content, generative AI"
8,What tools are used in AI Ethics?,"It is useful in healthcare, finance, and education.
It works by combining data with algorithms.
It is widely used in real-world applications.
It is an important topic in modern technology.
Learning it can create strong career opportunities.
Many companies use it to improve productivity.
It is growing rapidly across many industries.
It improves speed, accuracy, and decision-making.
It helps systems perform tasks more efficiently.
It helps organizations analyze large amounts of data.","privacy, trust, fairness, bias, AI ethics, security"
9,What is the future of Automation?,"It improves speed, accuracy, and decision-making.
It is widely used in real-world applications.
Experts continue developing better methods every year.
It helps organizations analyze large amounts of data.
Learning it can create strong career opportunities.
Many companies use it to improve productivity.
It can reduce human effort in repetitive tasks.
It is an important topic in modern technology.
It is growing rapidly across many industries.
It helps systems perform tasks more efficiently.","systems, robots, workflow, efficiency, automation, tasks"
10,How does Computer Vision help businesses?,"Experts continue developing better methods every year.
It is useful in healthcare, finance, and education.
It helps systems perform tasks more efficiently.
It is commonly connected with automation and AI tools.
It is an important topic in modern technology.
It works by combining data with algorithms.
Beginners can learn it through practice and projects.
Learning it can create strong career opportunities.
It helps organizations analyze large amounts of data.
It improves speed, accuracy, and decision-making.","camera, video, images, recognition, computer vision, detection"
11,What is Python for AI?,"It can reduce human effort in repetitive tasks.
It supports innovation in business and research.
It is an important topic in modern technology.
Beginners can learn it through practice and projects.
It is growing rapidly across many industries.
It improves speed, accuracy, and decision-making.
It helps organizations analyze large amounts of data.
It is useful in healthcare, finance, and education.
It works by combining data with algorithms.
Learning it can create strong career opportunities.","Python, coding, libraries, automation, programming, AI"
12,Why is AI Applications important?,"It is useful in healthcare, finance, and education.
It can reduce human effort in repetitive tasks.
It is growing rapidly across many industries.
Beginners can learn it through practice and projects.
It supports innovation in business and research.
It is commonly connected with automation and AI tools.
It works by combining data with algorithms.
Learning it can create strong career opportunities.
It helps organizations analyze large amounts of data.
It is widely used in real-world applications.","finance, education, business, AI applications, healthcare, industry"
13,How does Artificial Intelligence work?,"It can reduce human effort in repetitive tasks.
Many companies use it to improve productivity.
It works by combining data with algorithms.
It is widely used in real-world applications.
It supports innovation in business and research.
Beginners can learn it through practice and projects.
It is an important topic in modern technology.
It improves speed, accuracy, and decision-making.
It helps systems perform tasks more efficiently.
It is useful in healthcare, finance, and education.","technology, systems, automation, algorithms, data, AI"
14,What are the benefits of Machine Learning?,"Many companies use it to improve productivity.
It helps systems perform tasks more efficiently.
It is growing rapidly across many industries.
It works by combining data with algorithms.
It improves speed, accuracy, and decision-making.
It is widely used in real-world applications.
Learning it can create strong career opportunities.
It is an important topic in modern technology.
It is useful in healthcare, finance, and education.
It supports innovation in business and research.","training, accuracy, data, prediction, machine learning, model"
15,Where is Deep Learning used?,"It works by combining data with algorithms.
It helps systems perform tasks more efficiently.
Many companies use it to improve productivity.
It is widely used in real-world applications.
It is useful in healthcare, finance, and education.
Beginners can learn it through practice and projects.
It supports innovation in business and research.
It improves speed, accuracy, and decision-making.
It helps organizations analyze large amounts of data.
Learning it can create strong career opportunities.","deep learning, neurons, models, patterns, training, layers"
16,What are the challenges of Natural Language Processing?,"It can reduce human effort in repetitive tasks.
It is widely used in real-world applications.
It is useful in healthcare, finance, and education.
It works by combining data with algorithms.
It helps systems perform tasks more efficiently.
It is commonly connected with automation and AI tools.
It is growing rapidly across many industries.
It is an important topic in modern technology.
Experts continue developing better methods every year.
It helps organizations analyze large amounts of data.","speech, NLP, text, chatbot, language, translation"
17,How can students learn Neural Networks?,"It helps systems perform tasks more efficiently.
It supports innovation in business and research.
It helps organizations analyze large amounts of data.
It is useful in healthcare, finance, and education.
It is commonly connected with automation and AI tools.
It works by combining data with algorithms.
It is widely used in real-world applications.
It improves speed, accuracy, and decision-making.
Experts continue developing better methods every year.
It is growing rapidly across many industries.","neural network, layers, weights, neurons, learning, AI"
18,What tools are used in Data Science?,"It is widely used in real-world applications.
Learning it can create strong career opportunities.
It is useful in healthcare, finance, and education.
It improves speed, accuracy, and decision-making.
It is an important topic in modern technology.
It supports innovation in business and research.
Beginners can learn it through practice and projects.
It helps systems perform tasks more efficiently.
Many companies use it to improve productivity.
It helps organizations analyze large amounts of data.","data science, data, visualization, statistics, analysis, insights"
19,What is the future of Generative AI?,"Learning it can create strong career opportunities.
It is an important topic in modern technology.
It is growing rapidly across many industries.
It helps organizations analyze large amounts of data.
It is commonly connected with automation and AI tools.
It works by combining data with algorithms.
It helps systems perform tasks more efficiently.
It is useful in healthcare, finance, and education.
It can reduce human effort in repetitive tasks.
Beginners can learn it through practice and projects.","content, text, images, models, creativity, generative AI"
20,How does AI Ethics help businesses?,"Beginners can learn it through practice and projects.
It is useful in healthcare, finance, and education.
It is commonly connected with automation and AI tools.
It improves speed, accuracy, and decision-making.
It is an important topic in modern technology.
It supports innovation in business and research.
It helps systems perform tasks more efficiently.
It helps organizations analyze large amounts of data.
Many companies use it to improve productivity.
Learning it can create strong career opportunities.","fairness, bias, AI ethics, security, trust, privacy"
21,What is Automation?,"It is an important topic in modern technology.
Many companies use it to improve productivity.
It is growing rapidly across many industries.
It is commonly connected with automation and AI tools.
Experts continue developing better methods every year.
It is widely used in real-world applications.
It helps systems perform tasks more efficiently.
Learning it can create strong career opportunities.
It improves speed, accuracy, and decision-making.
It is useful in healthcare, finance, and education.","automation, systems, tasks, workflow, robots, efficiency"
22,Why is Computer Vision important?,"It improves speed, accuracy, and decision-making.
Many companies use it to improve productivity.
Learning it can create strong career opportunities.
It is commonly connected with automation and AI tools.
It helps systems perform tasks more efficiently.
It supports innovation in business and research.
It can reduce human effort in repetitive tasks.
Beginners can learn it through practice and projects.
It is an important topic in modern technology.
It is growing rapidly across many industries.","detection, camera, recognition, computer vision, video, images"
23,How does Python for AI work?,"Learning it can create strong career opportunities.
It improves speed, accuracy, and decision-making.
Many companies use it to improve productivity.
It is useful in healthcare, finance, and education.
It is an important topic in modern technology.
Beginners can learn it through practice and projects.
It can reduce human effort in repetitive tasks.
It is commonly connected with automation and AI tools.
It is widely used in real-world applications.
Experts continue developing better methods every year.","programming, automation, coding, AI, Python, libraries"
24,What are the benefits of AI Applications?,"It is growing rapidly across many industries.
It is commonly connected with automation and AI tools.
It improves speed, accuracy, and decision-making.
It is widely used in real-world applications.
It can reduce human effort in repetitive tasks.
Many companies use it to improve productivity.
It works by combining data with algorithms.
It helps systems perform tasks more efficiently.
Experts continue developing better methods every year.
It is useful in healthcare, finance, and education.","business, AI applications, industry, healthcare, finance, education"
25,Where is Artificial Intelligence used?,"Beginners can learn it through practice and projects.
It is growing rapidly across many industries.
It is commonly connected with automation and AI tools.
It supports innovation in business and research.
It is widely used in real-world applications.
Many companies use it to improve productivity.
It can reduce human effort in repetitive tasks.
It works by combining data with algorithms.
It helps organizations analyze large amounts of data.
Learning it can create strong career opportunities.","AI, technology, automation, data, algorithms, systems"
26,What are the challenges of Machine Learning?,"It is commonly connected with automation and AI tools.
It works by combining data with algorithms.
It is widely used in real-world applications.
It improves speed, accuracy, and decision-making.
It helps systems perform tasks more efficiently.
It is an important topic in modern technology.
Many companies use it to improve productivity.
Beginners can learn it through practice and projects.
It is useful in healthcare, finance, and education.
It can reduce human effort in repetitive tasks.","data, prediction, model, accuracy, machine learning, training"
27,How can students learn Deep Learning?,"It can reduce human effort in repetitive tasks.
It helps systems perform tasks more efficiently.
Many companies use it to improve productivity.
Experts continue developing better methods every year.
It is an important topic in modern technology.
It improves speed, accuracy, and decision-making.
It is useful in healthcare, finance, and education.
It works by combining data with algorithms.
It is widely used in real-world applications.
Learning it can create strong career opportunities.","neurons, models, training, deep learning, patterns, layers"
28,What tools are used in Natural Language Processing?,"It can reduce human effort in repetitive tasks.
It is growing rapidly across many industries.
It is widely used in real-world applications.
It works by combining data with algorithms.
It is useful in healthcare, finance, and education.
It improves speed, accuracy, and decision-making.
Beginners can learn it through practice and projects.
It supports innovation in business and research.
It is commonly connected with automation and AI tools.
It helps organizations analyze large amounts of data.","speech, chatbot, text, translation, NLP, language"
29,What is the future of Neural Networks?,"Beginners can learn it through practice and projects.
It helps organizations analyze large amounts of data.
It can reduce human effort in repetitive tasks.
Experts continue developing better methods every year.
Learning it can create strong career opportunities.
It works by combining data with algorithms.
It supports innovation in business and research.
It is commonly connected with automation and AI tools.
It is growing rapidly across many industries.
It helps systems perform tasks more efficiently.","learning, neural network, layers, AI, neurons, weights"
30,How does Data Science help businesses?,"It helps systems perform tasks more efficiently.
Experts continue developing better methods every year.
It can reduce human effort in repetitive tasks.
It is growing rapidly across many industries.
It is an important topic in modern technology.
Beginners can learn it through practice and projects.
It is widely used in real-world applications.
It is commonly connected with automation and AI tools.
It works by combining data with algorithms.
It helps organizations analyze large amounts of data.","insights, analysis, data, data science, statistics, visualization"
31,What is Generative AI?,"It is useful in healthcare, finance, and education.
It is an important topic in modern technology.
It supports innovation in business and research.
It improves speed, accuracy, and decision-making.
Beginners can learn it through practice and projects.
Experts continue developing better methods every year.
It helps organizations analyze large amounts of data.
It can reduce human effort in repetitive tasks.
It is widely used in real-world applications.
It is growing rapidly across many industries.","creativity, generative AI, images, text, content, models"
32,Why is AI Ethics important?,"Beginners can learn it through practice and projects.
It is growing rapidly across many industries.
It helps organizations analyze large amounts of data.
It is commonly connected with automation and AI tools.
Many companies use it to improve productivity.
It helps systems perform tasks more efficiently.
It is useful in healthcare, finance, and education.
It improves speed, accuracy, and decision-making.
It is widely used in real-world applications.
It works by combining data with algorithms.","privacy, AI ethics, fairness, trust, security, bias"
33,How does Automation work?,"Learning it can create strong career opportunities.
It can reduce human effort in repetitive tasks.
Many companies use it to improve productivity.
It supports innovation in business and research.
It is widely used in real-world applications.
It is growing rapidly across many industries.
It helps systems perform tasks more efficiently.
It is commonly connected with automation and AI tools.
Experts continue developing better methods every year.
It is useful in healthcare, finance, and education.","tasks, efficiency, automation, workflow, systems, robots"
34,What are the benefits of Computer Vision?,"It helps organizations analyze large amounts of data.
Experts continue developing better methods every year.
It is growing rapidly across many industries.
It is an important topic in modern technology.
It is commonly connected with automation and AI tools.
It can reduce human effort in repetitive tasks.
Learning it can create strong career opportunities.
It is widely used in real-world applications.
It supports innovation in business and research.
It improves speed, accuracy, and decision-making.","recognition, video, detection, camera, images, computer vision"
35,Where is Python for AI used?,"It works by combining data with algorithms.
Beginners can learn it through practice and projects.
It improves speed, accuracy, and decision-making.
It supports innovation in business and research.
It helps systems perform tasks more efficiently.
It is widely used in real-world applications.
Experts continue developing better methods every year.
It can reduce human effort in repetitive tasks.
It is growing rapidly across many industries.
Many companies use it to improve productivity.","Python, automation, coding, AI, programming, libraries"
36,What are the challenges of AI Applications?,"It helps systems perform tasks more efficiently.
Learning it can create strong career opportunities.
It helps organizations analyze large amounts of data.
It is commonly connected with automation and AI tools.
It is an important topic in modern technology.
Beginners can learn it through practice and projects.
It is useful in healthcare, finance, and education.
Many companies use it to improve productivity.
It supports innovation in business and research.
It works by combining data with algorithms.","AI applications, industry, finance, healthcare, business, education"
37,How can students learn Artificial Intelligence?,"It is commonly connected with automation and AI tools.
Many companies use it to improve productivity.
It is growing rapidly across many industries.
It helps organizations analyze large amounts of data.
It works by combining data with algorithms.
It improves speed, accuracy, and decision-making.
It supports innovation in business and research.
It helps systems perform tasks more efficiently.
It can reduce human effort in repetitive tasks.
It is useful in healthcare, finance, and education.","algorithms, AI, systems, automation, data, technology"
38,What tools are used in Machine Learning?,"It is an important topic in modern technology.
It is useful in healthcare, finance, and education.
It works by combining data with algorithms.
It is commonly connected with automation and AI tools.
It supports innovation in business and research.
Many companies use it to improve productivity.
Beginners can learn it through practice and projects.
Learning it can create strong career opportunities.
Experts continue developing better methods every year.
It helps systems perform tasks more efficiently.","accuracy, prediction, training, machine learning, data, model"
39,What is the future of Deep Learning?,"It improves speed, accuracy, and decision-making.
Learning it can create strong career opportunities.
It helps organizations analyze large amounts of data.
Many companies use it to improve productivity.
It is useful in healthcare, finance, and education.
It supports innovation in business and research.
Experts continue developing better methods every year.
Beginners can learn it through practice and projects.
It works by combining data with algorithms.
It helps systems perform tasks more efficiently.","neurons, models, training, patterns, layers, deep learning"
40,How does Natural Language Processing help businesses?,"It helps organizations analyze large amounts of data.
Beginners can learn it through practice and projects.
It supports innovation in business and research.
Experts continue developing better methods every year.
It is commonly connected with automation and AI tools.
Many companies use it to improve productivity.
It is an important topic in modern technology.
Learning it can create strong career opportunities.
It is widely used in real-world applications.
It works by combining data with algorithms.","NLP, translation, language, chatbot, text, speech"
41,What is Neural Networks?,"Experts continue developing better methods every year.
It improves speed, accuracy, and decision-making.
It helps systems perform tasks more efficiently.
It helps organizations analyze large amounts of data.
It is commonly connected with automation and AI tools.
It is widely used in real-world applications.
It works by combining data with algorithms.
It can reduce human effort in repetitive tasks.
Learning it can create strong career opportunities.
Beginners can learn it through practice and projects.","neurons, AI, layers, learning, weights, neural network"
42,Why is Data Science important?,"It improves speed, accuracy, and decision-making.
Learning it can create strong career opportunities.
Many companies use it to improve productivity.
It works by combining data with algorithms.
Experts continue developing better methods every year.
It supports innovation in business and research.
It is useful in healthcare, finance, and education.
It can reduce human effort in repetitive tasks.
It helps systems perform tasks more efficiently.
It is an important topic in modern technology.","visualization, data, data science, analysis, insights, statistics"
43,How does Generative AI work?,"It improves speed, accuracy, and decision-making.
It is useful in healthcare, finance, and education.
It works by combining data with algorithms.
Learning it can create strong career opportunities.
It can reduce human effort in repetitive tasks.
It is an important topic in modern technology.
It helps organizations analyze large amounts of data.
It is commonly connected with automation and AI tools.
Experts continue developing better methods every year.
It is growing rapidly across many industries.","creativity, content, text, generative AI, models, images"
44,What are the benefits of AI Ethics?,"It works by combining data with algorithms.
It is widely used in real-world applications.
Experts continue developing better methods every year.
It is useful in healthcare, finance, and education.
It is growing rapidly across many industries.
Many companies use it to improve productivity.
Learning it can create strong career opportunities.
It helps organizations analyze large amounts of data.
It improves speed, accuracy, and decision-making.
It can reduce human effort in repetitive tasks.","security, fairness, trust, AI ethics, bias, privacy"
45,Where is Automation used?,"It is useful in healthcare, finance, and education.
It is an important topic in modern technology.
It works by combining data with algorithms.
It is commonly connected with automation and AI tools.
Learning it can create strong career opportunities.
It helps organizations analyze large amounts of data.
Beginners can learn it through practice and projects.
It is growing rapidly across many industries.
It supports innovation in business and research.
It can reduce human effort in repetitive tasks.","workflow, robots, efficiency, automation, systems, tasks"
46,What are the challenges of Computer Vision?,"It is growing rapidly across many industries.
It works by combining data with algorithms.
It can reduce human effort in repetitive tasks.
It is commonly connected with automation and AI tools.
It helps systems perform tasks more efficiently.
It improves speed, accuracy, and decision-making.
It is an important topic in modern technology.
It supports innovation in business and research.
It is useful in healthcare, finance, and education.
Many companies use it to improve productivity.","computer vision, video, recognition, images, detection, camera"
47,How can students learn Python for AI?,"Learning it can create strong career opportunities.
It helps systems perform tasks more efficiently.
It is an important topic in modern technology.
Experts continue developing better methods every year.
It improves speed, accuracy, and decision-making.
Many companies use it to improve productivity.
It is commonly connected with automation and AI tools.
It is widely used in real-world applications.
Beginners can learn it through practice and projects.
It works by combining data with algorithms.","AI, Python, automation, coding, libraries, programming"
48,What tools are used in AI Applications?,"It is useful in healthcare, finance, and education.
It supports innovation in business and research.
It is growing rapidly across many industries.
Learning it can create strong career opportunities.
It is widely used in real-world applications.
It is commonly connected with automation and AI tools.
It helps organizations analyze large amounts of data.
Many companies use it to improve productivity.
It helps systems perform tasks more efficiently.
It works by combining data with algorithms.","business, AI applications, industry, finance, education, healthcare"
49,What is the future of Artificial Intelligence?,"It helps organizations analyze large amounts of data.
Experts continue developing better methods every year.
It is growing rapidly across many industries.
It can reduce human effort in repetitive tasks.
It improves speed, accuracy, and decision-making.
It is commonly connected with automation and AI tools.
It works by combining data with algorithms.
Learning it can create strong career opportunities.
Beginners can learn it through practice and projects.
It is an important topic in modern technology.","systems, AI, data, algorithms, automation, technology"
50,How does Machine Learning help businesses?,"It is an important topic in modern technology.
It helps systems perform tasks more efficiently.
It supports innovation in business and research.
Beginners can learn it through practice and projects.
It is useful in healthcare, finance, and education.
Learning it can create strong career opportunities.
Experts continue developing better methods every year.
It can reduce human effort in repetitive tasks.
It improves speed, accuracy, and decision-making.
It works by combining data with algorithms.","data, accuracy, model, machine learning, prediction, training"
51,What is Deep Learning?,"It is growing rapidly across many industries.
It helps systems perform tasks more efficiently.
It improves speed, accuracy, and decision-making.
It helps organizations analyze large amounts of data.
It supports innovation in business and research.
Experts continue developing better methods every year.
It can reduce human effort in repetitive tasks.
Many companies use it to improve productivity.
It is useful in healthcare, finance, and education.
Learning it can create strong career opportunities.","neurons, models, patterns, deep learning, training, layers"
52,Why is Natural Language Processing important?,"Experts continue developing better methods every year.
It is useful in healthcare, finance, and education.
It supports innovation in business and research.
Learning it can create strong career opportunities.
It helps organizations analyze large amounts of data.
It is an important topic in modern technology.
It is widely used in real-world applications.
It helps systems perform tasks more efficiently.
It is commonly connected with automation and AI tools.
It works by combining data with algorithms.","translation, language, NLP, chatbot, text, speech"
53,How does Neural Networks work?,"It is an important topic in modern technology.
It is growing rapidly across many industries.
Many companies use it to improve productivity.
It helps organizations analyze large amounts of data.
Experts continue developing better methods every year.
It can reduce human effort in repetitive tasks.
It is widely used in real-world applications.
It supports innovation in business and research.
It is commonly connected with automation and AI tools.
It is useful in healthcare, finance, and education.","neurons, neural network, learning, layers, weights, AI"
54,What are the benefits of Data Science?,"It is widely used in real-world applications.
It improves speed, accuracy, and decision-making.
Experts continue developing better methods every year.
Many companies use it to improve productivity.
Learning it can create strong career opportunities.
It helps systems perform tasks more efficiently.
Beginners can learn it through practice and projects.
It is commonly connected with automation and AI tools.
It supports innovation in business and research.
It helps organizations analyze large amounts of data.","visualization, data science, data, insights, analysis, statistics"
55,Where is Generative AI used?,"It is commonly connected with automation and AI tools.
Learning it can create strong career opportunities.
It improves speed, accuracy, and decision-making.
It works by combining data with algorithms.
It is an important topic in modern technology.
It helps organizations analyze large amounts of data.
Beginners can learn it through practice and projects.
Experts continue developing better methods every year.
It is useful in healthcare, finance, and education.
It is widely used in real-world applications.","generative AI, content, creativity, images, models, text"
56,What are the challenges of AI Ethics?,"It helps organizations analyze large amounts of data.
Beginners can learn it through practice and projects.
Experts continue developing better methods every year.
It is useful in healthcare, finance, and education.
It improves speed, accuracy, and decision-making.
It is widely used in real-world applications.
Learning it can create strong career opportunities.
It is growing rapidly across many industries.
It can reduce human effort in repetitive tasks.
It works by combining data with algorithms.","bias, fairness, AI ethics, security, privacy, trust"
57,How can students learn Automation?,"It is widely used in real-world applications.
It helps organizations analyze large amounts of data.
Experts continue developing better methods every year.
Many companies use it to improve productivity.
It supports innovation in business and research.
It can reduce human effort in repetitive tasks.
It works by combining data with algorithms.
Learning it can create strong career opportunities.
It improves speed, accuracy, and decision-making.
It is commonly connected with automation and AI tools.","automation, tasks, systems, robots, workflow, efficiency"
58,What tools are used in Computer Vision?,"Many companies use it to improve productivity.
It works by combining data with algorithms.
It improves speed, accuracy, and decision-making.
It is useful in healthcare, finance, and education.
Experts continue developing better methods every year.
It is an important topic in modern technology.
It helps organizations analyze large amounts of data.
It is growing rapidly across many industries.
It can reduce human effort in repetitive tasks.
It is widely used in real-world applications.","recognition, images, video, detection, computer vision, camera"
59,What is the future of Python for AI?,"It helps organizations analyze large amounts of data.
Experts continue developing better methods every year.
It supports innovation in business and research.
It is widely used in real-world applications.
It is useful in healthcare, finance, and education.
Beginners can learn it through practice and projects.
It is commonly connected with automation and AI tools.
It is an important topic in modern technology.
It can reduce human effort in repetitive tasks.
Learning it can create strong career opportunities.","Python, automation, coding, libraries, programming, AI"
60,How does AI Applications help businesses?,"It supports innovation in business and research.
It is commonly connected with automation and AI tools.
It improves speed, accuracy, and decision-making.
It helps organizations analyze large amounts of data.
It is growing rapidly across many industries.
It helps systems perform tasks more efficiently.
Many companies use it to improve productivity.
It works by combining data with algorithms.
Beginners can learn it through practice and projects.
It is useful in healthcare, finance, and education.","AI applications, finance, education, business, industry, healthcare"
61,What is Artificial Intelligence?,"It helps organizations analyze large amounts of data.
Learning it can create strong career opportunities.
It can reduce human effort in repetitive tasks.
Many companies use it to improve productivity.
It helps systems perform tasks more efficiently.
Beginners can learn it through practice and projects.
It is commonly connected with automation and AI tools.
It works by combining data with algorithms.
It is an important topic in modern technology.
It is growing rapidly across many industries.","algorithms, automation, systems, technology, data, AI"
62,Why is Machine Learning important?,"It helps organizations analyze large amounts of data.
It is useful in healthcare, finance, and education.
Many companies use it to improve productivity.
Learning it can create strong career opportunities.
It helps systems perform tasks more efficiently.
It is commonly connected with automation and AI tools.
It is growing rapidly across many industries.
It is widely used in real-world applications.
It is an important topic in modern technology.
It supports innovation in business and research.","training, model, prediction, machine learning, data, accuracy"
63,How does Deep Learning work?,"It works by combining data with algorithms.
It is widely used in real-world applications.
Beginners can learn it through practice and projects.
It is useful in healthcare, finance, and education.
Many companies use it to improve productivity.
It is growing rapidly across many industries.
Learning it can create strong career opportunities.
Experts continue developing better methods every year.
It helps systems perform tasks more efficiently.
It is an important topic in modern technology.","layers, training, patterns, neurons, deep learning, models"
64,What are the benefits of Natural Language Processing?,"It can reduce human effort in repetitive tasks.
Experts continue developing better methods every year.
Beginners can learn it through practice and projects.
It is useful in healthcare, finance, and education.
Many companies use it to improve productivity.
It improves speed, accuracy, and decision-making.
It is commonly connected with automation and AI tools.
It is an important topic in modern technology.
It supports innovation in business and research.
It is growing rapidly across many industries.","text, speech, NLP, translation, language, chatbot"
65,Where is Neural Networks used?,"It works by combining data with algorithms.
Learning it can create strong career opportunities.
It helps organizations analyze large amounts of data.
It is commonly connected with automation and AI tools.
Beginners can learn it through practice and projects.
Experts continue developing better methods every year.
It improves speed, accuracy, and decision-making.
It is useful in healthcare, finance, and education.
It can reduce human effort in repetitive tasks.
It helps systems perform tasks more efficiently.","neurons, learning, weights, neural network, AI, layers"
66,What are the challenges of Data Science?,"It helps organizations analyze large amounts of data.
It supports innovation in business and research.
It helps systems perform tasks more efficiently.
Learning it can create strong career opportunities.
It is widely used in real-world applications.
Many companies use it to improve productivity.
It is commonly connected with automation and AI tools.
It improves speed, accuracy, and decision-making.
It is useful in healthcare, finance, and education.
It works by combining data with algorithms.","analysis, statistics, data, insights, visualization, data science"
67,How can students learn Generative AI?,"It improves speed, accuracy, and decision-making.
It helps organizations analyze large amounts of data.
It is commonly connected with automation and AI tools.
It supports innovation in business and research.
It is widely used in real-world applications.
It can reduce human effort in repetitive tasks.
Beginners can learn it through practice and projects.
It helps systems perform tasks more efficiently.
Learning it can create strong career opportunities.
It is an important topic in modern technology.","models, generative AI, images, content, creativity, text"
68,What tools are used in AI Ethics?,"It works by combining data with algorithms.
It is widely used in real-world applications.
It supports innovation in business and research.
Experts continue developing better methods every year.
It is useful in healthcare, finance, and education.
Many companies use it to improve productivity.
It is commonly connected with automation and AI tools.
It improves speed, accuracy, and decision-making.
It is an important topic in modern technology.
It is growing rapidly across many industries.","security, trust, AI ethics, bias, fairness, privacy"
69,What is the future of Automation?,"It can reduce human effort in repetitive tasks.
Experts continue developing better methods every year.
Beginners can learn it through practice and projects.
It supports innovation in business and research.
It improves speed, accuracy, and decision-making.
Learning it can create strong career opportunities.
It works by combining data with algorithms.
It is commonly connected with automation and AI tools.
It helps organizations analyze large amounts of data.
It is widely used in real-world applications.","workflow, systems, efficiency, automation, tasks, robots"
70,How does Computer Vision help businesses?,"It improves speed, accuracy, and decision-making.
Many companies use it to improve productivity.
It is growing rapidly across many industries.
Learning it can create strong career opportunities.
It is commonly connected with automation and AI tools.
It helps systems perform tasks more efficiently.
Experts continue developing better methods every year.
It can reduce human effort in repetitive tasks.
It helps organizations analyze large amounts of data.
It works by combining data with algorithms.","camera, images, detection, video, recognition, computer vision"
71,What is Python for AI?,"It helps systems perform tasks more efficiently.
It is useful in healthcare, finance, and education.
It helps organizations analyze large amounts of data.
It works by combining data with algorithms.
It can reduce human effort in repetitive tasks.
Many companies use it to improve productivity.
Learning it can create strong career opportunities.
It is commonly connected with automation and AI tools.
It is growing rapidly across many industries.
It improves speed, accuracy, and decision-making.","programming, Python, coding, automation, libraries, AI"
72,Why is AI Applications important?,"It is useful in healthcare, finance, and education.
It is commonly connected with automation and AI tools.
It can reduce human effort in repetitive tasks.
It supports innovation in business and research.
It works by combining data with algorithms.
It is growing rapidly across many industries.
It improves speed, accuracy, and decision-making.
Experts continue developing better methods every year.
Beginners can learn it through practice and projects.
Many companies use it to improve productivity.","business, healthcare, finance, education, AI applications, industry"
73,How does Artificial Intelligence work?,"It is growing rapidly across many industries.
It improves speed, accuracy, and decision-making.
Learning it can create strong career opportunities.
It is useful in healthcare, finance, and education.
It is an important topic in modern technology.
Beginners can learn it through practice and projects.
It can reduce human effort in repetitive tasks.
Experts continue developing better methods every year.
It is widely used in real-world applications.
It supports innovation in business and research.","systems, data, algorithms, technology, automation, AI"
74,What are the benefits of Machine Learning?,"Experts continue developing better methods every year.
Learning it can create strong career opportunities.
Many companies use it to improve productivity.
It is useful in healthcare, finance, and education.
It is an important topic in modern technology.
It works by combining data with algorithms.
It improves speed, accuracy, and decision-making.
It can reduce human effort in repetitive tasks.
It helps systems perform tasks more efficiently.
Beginners can learn it through practice and projects.","data, prediction, model, machine learning, accuracy, training"
75,Where is Deep Learning used?,"It works by combining data with algorithms.
It is an important topic in modern technology.
It is commonly connected with automation and AI tools.
It supports innovation in business and research.
It helps systems perform tasks more efficiently.
It is growing rapidly across many industries.
Many companies use it to improve productivity.
Experts continue developing better methods every year.
Learning it can create strong career opportunities.
It can reduce human effort in repetitive tasks.","training, patterns, models, neurons, layers, deep learning"
76,What are the challenges of Natural Language Processing?,"It helps systems perform tasks more efficiently.
It is useful in healthcare, finance, and education.
It is an important topic in modern technology.
Learning it can create strong career opportunities.
It helps organizations analyze large amounts of data.
It is growing rapidly across many industries.
It is commonly connected with automation and AI tools.
Many companies use it to improve productivity.
It improves speed, accuracy, and decision-making.
It works by combining data with algorithms.","text, language, NLP, speech, translation, chatbot"
77,How can students learn Neural Networks?,"It is useful in healthcare, finance, and education.
It is commonly connected with automation and AI tools.
It helps organizations analyze large amounts of data.
It works by combining data with algorithms.
It supports innovation in business and research.
It is widely used in real-world applications.
It is growing rapidly across many industries.
Learning it can create strong career opportunities.
It is an important topic in modern technology.
Beginners can learn it through practice and projects.","neural network, neurons, layers, learning, weights, AI"
78,What tools are used in Data Science?,"It helps organizations analyze large amounts of data.
It improves speed, accuracy, and decision-making.
It helps systems perform tasks more efficiently.
It works by combining data with algorithms.
It is widely used in real-world applications.
It is useful in healthcare, finance, and education.
It is an important topic in modern technology.
Beginners can learn it through practice and projects.
Experts continue developing better methods every year.
It supports innovation in business and research.","insights, visualization, statistics, data science, data, analysis"
79,What is the future of Generative AI?,"It is widely used in real-world applications.
It supports innovation in business and research.
It helps systems perform tasks more efficiently.
Many companies use it to improve productivity.
It improves speed, accuracy, and decision-making.
It is an important topic in modern technology.
Experts continue developing better methods every year.
Learning it can create strong career opportunities.
It helps organizations analyze large amounts of data.
Beginners can learn it through practice and projects.","creativity, text, content, models, generative AI, images"
80,How does AI Ethics help businesses?,"It helps systems perform tasks more efficiently.
It helps organizations analyze large amounts of data.
Beginners can learn it through practice and projects.
It is commonly connected with automation and AI tools.
It improves speed, accuracy, and decision-making.
It is an important topic in modern technology.
It can reduce human effort in repetitive tasks.
It is growing rapidly across many industries.
Many companies use it to improve productivity.
Learning it can create strong career opportunities.","bias, trust, AI ethics, privacy, fairness, security"
81,What is Automation?,"It is commonly connected with automation and AI tools.
It works by combining data with algorithms.
Beginners can learn it through practice and projects.
It helps systems perform tasks more efficiently.
It is growing rapidly across many industries.
Many companies use it to improve productivity.
It can reduce human effort in repetitive tasks.
It helps organizations analyze large amounts of data.
It supports innovation in business and research.
It is widely used in real-world applications.","automation, efficiency, systems, robots, workflow, tasks"
82,Why is Computer Vision important?,"It is growing rapidly across many industries.
Experts continue developing better methods every year.
Beginners can learn it through practice and projects.
It helps organizations analyze large amounts of data.
It is commonly connected with automation and AI tools.
It can reduce human effort in repetitive tasks.
It improves speed, accuracy, and decision-making.
Many companies use it to improve productivity.
It is useful in healthcare, finance, and education.
It helps systems perform tasks more efficiently.","computer vision, detection, camera, recognition, video, images"
83,How does Python for AI work?,"Many companies use it to improve productivity.
Beginners can learn it through practice and projects.
It improves speed, accuracy, and decision-making.
It can reduce human effort in repetitive tasks.
It works by combining data with algorithms.
Experts continue developing better methods every year.
It is useful in healthcare, finance, and education.
It supports innovation in business and research.
It is growing rapidly across many industries.
It is commonly connected with automation and AI tools.","Python, coding, AI, libraries, automation, programming"
84,What are the benefits of AI Applications?,"Learning it can create strong career opportunities.
It is commonly connected with automation and AI tools.
It can reduce human effort in repetitive tasks.
Beginners can learn it through practice and projects.
It helps organizations analyze large amounts of data.
It is an important topic in modern technology.
Experts continue developing better methods every year.
It works by combining data with algorithms.
It is useful in healthcare, finance, and education.
It is growing rapidly across many industries.","industry, finance, AI applications, education, healthcare, business"
85,Where is Artificial Intelligence used?,"Learning it can create strong career opportunities.
It is an important topic in modern technology.
It is growing rapidly across many industries.
It is widely used in real-world applications.
It helps systems perform tasks more efficiently.
It is commonly connected with automation and AI tools.
It can reduce human effort in repetitive tasks.
It improves speed, accuracy, and decision-making.
It supports innovation in business and research.
It helps organizations analyze large amounts of data.","algorithms, systems, technology, data, automation, AI"
86,What are the challenges of Machine Learning?,"Experts continue developing better methods every year.
Learning it can create strong career opportunities.
It is growing rapidly across many industries.
Beginners can learn it through practice and projects.
It works by combining data with algorithms.
It is widely used in real-world applications.
It is useful in healthcare, finance, and education.
It helps organizations analyze large amounts of data.
It helps systems perform tasks more efficiently.
It is an important topic in modern technology.","model, machine learning, data, training, prediction, accuracy"
87,How can students learn Deep Learning?,"It improves speed, accuracy, and decision-making.
It supports innovation in business and research.
It helps systems perform tasks more efficiently.
It is growing rapidly across many industries.
It is an important topic in modern technology.
Many companies use it to improve productivity.
Beginners can learn it through practice and projects.
It can reduce human effort in repetitive tasks.
It is useful in healthcare, finance, and education.
It helps organizations analyze large amounts of data.","deep learning, training, patterns, layers, neurons, models"
88,What tools are used in Natural Language Processing?,"It is widely used in real-world applications.
It is useful in healthcare, finance, and education.
It can reduce human effort in repetitive tasks.
It is growing rapidly across many industries.
It helps organizations analyze large amounts of data.
It improves speed, accuracy, and decision-making.
Experts continue developing better methods every year.
Many companies use it to improve productivity.
It is commonly connected with automation and AI tools.
It supports innovation in business and research.","text, language, translation, chatbot, speech, NLP"
89,What is the future of Neural Networks?,"Learning it can create strong career opportunities.
It is commonly connected with automation and AI tools.
Beginners can learn it through practice and projects.
It can reduce human effort in repetitive tasks.
It is an important topic in modern technology.
It is useful in healthcare, finance, and education.
Many companies use it to improve productivity.
It is growing rapidly across many industries.
It supports innovation in business and research.
It helps systems perform tasks more efficiently.","learning, neural network, AI, weights, layers, neurons"
90,How does Data Science help businesses?,"It works by combining data with algorithms.
It is an important topic in modern technology.
Beginners can learn it through practice and projects.
Learning it can create strong career opportunities.
It supports innovation in business and research.
It helps organizations analyze large amounts of data.
Many companies use it to improve productivity.
It improves speed, accuracy, and decision-making.
It is useful in healthcare, finance, and education.
It is commonly connected with automation and AI tools.","insights, statistics, visualization, data, analysis, data science"
91,What is Generative AI?,"It is growing rapidly across many industries.
It is commonly connected with automation and AI tools.
It works by combining data with algorithms.
It helps organizations analyze large amounts of data.
It is an important topic in modern technology.
It can reduce human effort in repetitive tasks.
Experts continue developing better methods every year.
It is useful in healthcare, finance, and education.
It supports innovation in business and research.
It helps systems perform tasks more efficiently.","creativity, content, images, text, models, generative AI"
92,Why is AI Ethics important?,"It helps organizations analyze large amounts of data.
It improves speed, accuracy, and decision-making.
It is growing rapidly across many industries.
Experts continue developing better methods every year.
Beginners can learn it through practice and projects.
It helps systems perform tasks more efficiently.
Many companies use it to improve productivity.
It can reduce human effort in repetitive tasks.
It is widely used in real-world applications.
It is an important topic in modern technology.","privacy, fairness, trust, bias, AI ethics, security"
93,How does Automation work?,"Many companies use it to improve productivity.
It is widely used in real-world applications.
It helps systems perform tasks more efficiently.
Beginners can learn it through practice and projects.
It helps organizations analyze large amounts of data.
It works by combining data with algorithms.
It can reduce human effort in repetitive tasks.
It is commonly connected with automation and AI tools.
Learning it can create strong career opportunities.
It supports innovation in business and research.","tasks, automation, systems, workflow, robots, efficiency"
94,What are the benefits of Computer Vision?,"It works by combining data with algorithms.
It is growing rapidly across many industries.
It is widely used in real-world applications.
It is useful in healthcare, finance, and education.
It helps systems perform tasks more efficiently.
It supports innovation in business and research.
It is commonly connected with automation and AI tools.
It is an important topic in modern technology.
It improves speed, accuracy, and decision-making.
Beginners can learn it through practice and projects.","recognition, camera, images, computer vision, detection, video"
95,Where is Python for AI used?,"It helps organizations analyze large amounts of data.
Beginners can learn it through practice and projects.
It improves speed, accuracy, and decision-making.
It helps systems perform tasks more efficiently.
Learning it can create strong career opportunities.
It is growing rapidly across many industries.
Experts continue developing better methods every year.
It is an important topic in modern technology.
Many companies use it to improve productivity.
It works by combining data with algorithms.","programming, libraries, Python, coding, AI, automation"
96,What are the challenges of AI Applications?,"It helps systems perform tasks more efficiently.
It is commonly connected with automation and AI tools.
It supports innovation in business and research.
Beginners can learn it through practice and projects.
It is useful in healthcare, finance, and education.
Experts continue developing better methods every year.
It works by combining data with algorithms.
It helps organizations analyze large amounts of data.
Many companies use it to improve productivity.
It is widely used in real-world applications.","healthcare, education, AI applications, industry, finance, business"
97,How can students learn Artificial Intelligence?,"Learning it can create strong career opportunities.
It can reduce human effort in repetitive tasks.
It helps systems perform tasks more efficiently.
It is widely used in real-world applications.
Beginners can learn it through practice and projects.
Many companies use it to improve productivity.
It works by combining data with algorithms.
It helps organizations analyze large amounts of data.
Experts continue developing better methods every year.
It is growing rapidly across many industries.","technology, algorithms, data, systems, automation, AI"
98,What tools are used in Machine Learning?,"It supports innovation in business and research.
Learning it can create strong career opportunities.
It is useful in healthcare, finance, and education.
It helps organizations analyze large amounts of data.
It can reduce human effort in repetitive tasks.
Many companies use it to improve productivity.
It is growing rapidly across many industries.
It improves speed, accuracy, and decision-making.
It helps systems perform tasks more efficiently.
It works by combining data with algorithms.","machine learning, prediction, accuracy, training, data, model"
99,What is the future of Deep Learning?,"It works by combining data with algorithms.
It is growing rapidly across many industries.
It is an important topic in modern technology.
It supports innovation in business and research.
Beginners can learn it through practice and projects.
It is commonly connected with automation and AI tools.
Experts continue developing better methods every year.
Many companies use it to improve productivity.
It can reduce human effort in repetitive tasks.
Learning it can create strong career opportunities.","training, models, patterns, deep learning, layers, neurons"
100,How does Natural Language Processing help businesses?,"It improves speed, accuracy, and decision-making.
It works by combining data with algorithms.
It is widely used in real-world applications.
Learning it can create strong career opportunities.
It is commonly connected with automation and AI tools.
It is an important topic in modern technology.
It is growing rapidly across many industries.
Many companies use it to improve productivity.
It helps systems perform tasks more efficiently.
Beginners can learn it through practice and projects.","translation, language, speech, text, chatbot, NLP"
101,What is the role of Artificial Intelligence in modern technology? (Scenario 1),"The concept of Artificial Intelligence helps computers perform tasks that normally require human intelligence.
It is widely used in healthcare, finance, education, and transportation systems.
The technology improves accuracy and reduces manual effort in many operations.
Most systems use data, algorithms, and computing power to achieve better results.
Beginners often learn the basic models before moving to advanced techniques.
Real-world applications include recommendation systems and predictive analytics.
The field continues to grow because organizations want faster and smarter solutions.
Developers also focus on improving efficiency, reliability, and scalability.
Ethical use and responsible development are important considerations in this area.
Understanding Artificial Intelligence helps beginners build stronger knowledge in modern AI systems.","algorithms, reasoning, decision making, intelligent systems, robotics, AI"
102,How does Machine Learning improve decision-making systems? (Scenario 2),"Machine Learning allows machines to analyze information and identify useful patterns.
It helps businesses automate repetitive and time-consuming tasks effectively.
The process usually starts with collecting and preparing high-quality data.
Algorithms then learn from examples to make predictions or classifications.
The technology can improve productivity and reduce operational costs.
Many companies apply it in customer support, security, and analytics.
Understanding model performance is important for building reliable systems.
Experts also monitor fairness and transparency during development.
Continuous learning and updates help systems remain accurate over time.
Understanding Machine Learning helps beginners build stronger knowledge in modern AI systems.","model accuracy, machine learning, features, training data, prediction, supervised learning"
103,Why is Deep Learning important in real-world applications? (Scenario 3),"The main purpose of Deep Learning is to solve complex problems using intelligent methods.
It combines mathematical models, programming, and data analysis techniques.
Many systems rely on training data to improve performance automatically.
The technology is useful for recognizing images, speech, and text.
Engineers test and evaluate models before deploying them into production.
Good quality data often leads to more accurate and stable predictions.
Organizations use these systems to support faster business decisions.
Security, privacy, and bias management are also important concerns.
As technology evolves, researchers continue to develop more efficient approaches.
Understanding Deep Learning helps beginners build stronger knowledge in modern AI systems.","training, feature extraction, big data, deep learning, AI models, layers"
104,Explain the working process of Natural Language Processing. (Scenario 4),"The concept of Natural Language Processing helps computers perform tasks that normally require human intelligence.
It is widely used in healthcare, finance, education, and transportation systems.
The technology improves accuracy and reduces manual effort in many operations.
Most systems use data, algorithms, and computing power to achieve better results.
Beginners often learn the basic models before moving to advanced techniques.
Real-world applications include recommendation systems and predictive analytics.
The field continues to grow because organizations want faster and smarter solutions.
Developers also focus on improving efficiency, reliability, and scalability.
Ethical use and responsible development are important considerations in this area.
Understanding Natural Language Processing helps beginners build stronger knowledge in modern AI systems.","tokenization, NLP, sentiment analysis, language model, chatbots, translation"
105,What are the main advantages of Neural Networks? (Scenario 5),"Neural Networks allows machines to analyze information and identify useful patterns.
It helps businesses automate repetitive and time-consuming tasks effectively.
The process usually starts with collecting and preparing high-quality data.
Algorithms then learn from examples to make predictions or classifications.
The technology can improve productivity and reduce operational costs.
Many companies apply it in customer support, security, and analytics.
Understanding model performance is important for building reliable systems.
Experts also monitor fairness and transparency during development.
Continuous learning and updates help systems remain accurate over time.
Understanding Neural Networks helps beginners build stronger knowledge in modern AI systems.","network layers, deep networks, neurons, activation function, backpropagation, weights"
106,How is Data Science used in industry today? (Scenario 6),"The main purpose of Data Science is to solve complex problems using intelligent methods.
It combines mathematical models, programming, and data analysis techniques.
Many systems rely on training data to improve performance automatically.
The technology is useful for recognizing images, speech, and text.
Engineers test and evaluate models before deploying them into production.
Good quality data often leads to more accurate and stable predictions.
Organizations use these systems to support faster business decisions.
Security, privacy, and bias management are also important concerns.
As technology evolves, researchers continue to develop more efficient approaches.
Understanding Data Science helps beginners build stronger knowledge in modern AI systems.","insights, data analysis, visualization, analytics, data cleaning, statistics"
107,What challenges are associated with Generative AI? (Scenario 7),"The concept of Generative AI helps computers perform tasks that normally require human intelligence.
It is widely used in healthcare, finance, education, and transportation systems.
The technology improves accuracy and reduces manual effort in many operations.
Most systems use data, algorithms, and computing power to achieve better results.
Beginners often learn the basic models before moving to advanced techniques.
Real-world applications include recommendation systems and predictive analytics.
The field continues to grow because organizations want faster and smarter solutions.
Developers also focus on improving efficiency, reliability, and scalability.
Ethical use and responsible development are important considerations in this area.
Understanding Generative AI helps beginners build stronger knowledge in modern AI systems.","prompt engineering, transformers, generative AI, creativity, image generation, LLMs"
108,How does AI Ethics support intelligent automation? (Scenario 8),"AI Ethics allows machines to analyze information and identify useful patterns.
It helps businesses automate repetitive and time-consuming tasks effectively.
The process usually starts with collecting and preparing high-quality data.
Algorithms then learn from examples to make predictions or classifications.
The technology can improve productivity and reduce operational costs.
Many companies apply it in customer support, security, and analytics.
Understanding model performance is important for building reliable systems.
Experts also monitor fairness and transparency during development.
Continuous learning and updates help systems remain accurate over time.
Understanding AI Ethics helps beginners build stronger knowledge in modern AI systems.","fairness, privacy, responsible AI, bias, transparency, governance"
109,What are the core components of Automation? (Scenario 9),"The main purpose of Automation is to solve complex problems using intelligent methods.
It combines mathematical models, programming, and data analysis techniques.
Many systems rely on training data to improve performance automatically.
The technology is useful for recognizing images, speech, and text.
Engineers test and evaluate models before deploying them into production.
Good quality data often leads to more accurate and stable predictions.
Organizations use these systems to support faster business decisions.
Security, privacy, and bias management are also important concerns.
As technology evolves, researchers continue to develop more efficient approaches.
Understanding Automation helps beginners build stronger knowledge in modern AI systems.","smart systems, workflow automation, RPA, optimization, efficiency, productivity"
110,Why do developers use Computer Vision in AI projects? (Scenario 10),"The concept of Computer Vision helps computers perform tasks that normally require human intelligence.
It is widely used in healthcare, finance, education, and transportation systems.
The technology improves accuracy and reduces manual effort in many operations.
Most systems use data, algorithms, and computing power to achieve better results.
Beginners often learn the basic models before moving to advanced techniques.
Real-world applications include recommendation systems and predictive analytics.
The field continues to grow because organizations want faster and smarter solutions.
Developers also focus on improving efficiency, reliability, and scalability.
Ethical use and responsible development are important considerations in this area.
Understanding Computer Vision helps beginners build stronger knowledge in modern AI systems.","object detection, segmentation, video analysis, visual data, CNN, pattern recognition"
111,What is the role of Python for AI in modern technology? (Scenario 11),"Python for AI allows machines to analyze information and identify useful patterns.
It helps businesses automate repetitive and time-consuming tasks effectively.
The process usually starts with collecting and preparing high-quality data.
Algorithms then learn from examples to make predictions or classifications.
The technology can improve productivity and reduce operational costs.
Many companies apply it in customer support, security, and analytics.
Understanding model performance is important for building reliable systems.
Experts also monitor fairness and transparency during development.
Continuous learning and updates help systems remain accurate over time.
Understanding Python for AI helps beginners build stronger knowledge in modern AI systems.","automation, AI libraries, Python, TensorFlow, Pandas, NumPy"
112,How does AI Applications improve decision-making systems? (Scenario 12),"The main purpose of AI Applications is to solve complex problems using intelligent methods.
It combines mathematical models, programming, and data analysis techniques.
Many systems rely on training data to improve performance automatically.
The technology is useful for recognizing images, speech, and text.
Engineers test and evaluate models before deploying them into production.
Good quality data often leads to more accurate and stable predictions.
Organizations use these systems to support faster business decisions.
Security, privacy, and bias management are also important concerns.
As technology evolves, researchers continue to develop more efficient approaches.
Understanding AI Applications helps beginners build stronger knowledge in modern AI systems.","recommendation systems, education, healthcare AI, smart assistants, finance AI, industry"
113,Why is Artificial Intelligence important in real-world applications? (Scenario 13),"The concept of Artificial Intelligence helps computers perform tasks that normally require human intelligence.
It is widely used in healthcare, finance, education, and transportation systems.
The technology improves accuracy and reduces manual effort in many operations.
Most systems use data, algorithms, and computing power to achieve better results.
Beginners often learn the basic models before moving to advanced techniques.
Real-world applications include recommendation systems and predictive analytics.
The field continues to grow because organizations want faster and smarter solutions.
Developers also focus on improving efficiency, reliability, and scalability.
Ethical use and responsible development are important considerations in this area.
Understanding Artificial Intelligence helps beginners build stronger knowledge in modern AI systems.","algorithms, intelligent systems, decision making, AI, automation, reasoning"
114,Explain the working process of Machine Learning. (Scenario 14),"Machine Learning allows machines to analyze information and identify useful patterns.
It helps businesses automate repetitive and time-consuming tasks effectively.
The process usually starts with collecting and preparing high-quality data.
Algorithms then learn from examples to make predictions or classifications.
The technology can improve productivity and reduce operational costs.
Many companies apply it in customer support, security, and analytics.
Understanding model performance is important for building reliable systems.
Experts also monitor fairness and transparency during development.
Continuous learning and updates help systems remain accurate over time.
Understanding Machine Learning helps beginners build stronger knowledge in modern AI systems.","supervised learning, machine learning, model accuracy, classification, training data, prediction"
115,What are the main advantages of Deep Learning? (Scenario 15),"The main purpose of Deep Learning is to solve complex problems using intelligent methods.
It combines mathematical models, programming, and data analysis techniques.
Many systems rely on training data to improve performance automatically.
The technology is useful for recognizing images, speech, and text.
Engineers test and evaluate models before deploying them into production.
Good quality data often leads to more accurate and stable predictions.
Organizations use these systems to support faster business decisions.
Security, privacy, and bias management are also important concerns.
As technology evolves, researchers continue to develop more efficient approaches.
Understanding Deep Learning helps beginners build stronger knowledge in modern AI systems.","neural models, layers, deep learning, training, big data, AI models"
116,How is Natural Language Processing used in industry today? (Scenario 16),"The concept of Natural Language Processing helps computers perform tasks that normally require human intelligence.
It is widely used in healthcare, finance, education, and transportation systems.
The technology improves accuracy and reduces manual effort in many operations.
Most systems use data, algorithms, and computing power to achieve better results.
Beginners often learn the basic models before moving to advanced techniques.
Real-world applications include recommendation systems and predictive analytics.
The field continues to grow because organizations want faster and smarter solutions.
Developers also focus on improving efficiency, reliability, and scalability.
Ethical use and responsible development are important considerations in this area.
Understanding Natural Language Processing helps beginners build stronger knowledge in modern AI systems.","NLP, sentiment analysis, text analysis, language model, chatbots, tokenization"
117,What challenges are associated with Neural Networks? (Scenario 17),"Neural Networks allows machines to analyze information and identify useful patterns.
It helps businesses automate repetitive and time-consuming tasks effectively.
The process usually starts with collecting and preparing high-quality data.
Algorithms then learn from examples to make predictions or classifications.
The technology can improve productivity and reduce operational costs.
Many companies apply it in customer support, security, and analytics.
Understanding model performance is important for building reliable systems.
Experts also monitor fairness and transparency during development.
Continuous learning and updates help systems remain accurate over time.
Understanding Neural Networks helps beginners build stronger knowledge in modern AI systems.","deep networks, network layers, activation function, training, backpropagation, neurons"
118,How does Data Science support intelligent automation? (Scenario 18),"The main purpose of Data Science is to solve complex problems using intelligent methods.
It combines mathematical models, programming, and data analysis techniques.
Many systems rely on training data to improve performance automatically.
The technology is useful for recognizing images, speech, and text.
Engineers test and evaluate models before deploying them into production.
Good quality data often leads to more accurate and stable predictions.
Organizations use these systems to support faster business decisions.
Security, privacy, and bias management are also important concerns.
As technology evolves, researchers continue to develop more efficient approaches.
Understanding Data Science helps beginners build stronger knowledge in modern AI systems.","data cleaning, business intelligence, analytics, visualization, statistics, insights"
119,What are the core components of Generative AI? (Scenario 19),"The concept of Generative AI helps computers perform tasks that normally require human intelligence.
It is widely used in healthcare, finance, education, and transportation systems.
The technology improves accuracy and reduces manual effort in many operations.
Most systems use data, algorithms, and computing power to achieve better results.
Beginners often learn the basic models before moving to advanced techniques.
Real-world applications include recommendation systems and predictive analytics.
The field continues to grow because organizations want faster and smarter solutions.
Developers also focus on improving efficiency, reliability, and scalability.
Ethical use and responsible development are important considerations in this area.
Understanding Generative AI helps beginners build stronger knowledge in modern AI systems.","creativity, generative AI, transformers, content creation, image generation, LLMs"
120,Why do developers use AI Ethics in AI projects? (Scenario 20),"AI Ethics allows machines to analyze information and identify useful patterns.
It helps businesses automate repetitive and time-consuming tasks effectively.
The process usually starts with collecting and preparing high-quality data.
Algorithms then learn from examples to make predictions or classifications.
The technology can improve productivity and reduce operational costs.
Many companies apply it in customer support, security, and analytics.
Understanding model performance is important for building reliable systems.
Experts also monitor fairness and transparency during development.
Continuous learning and updates help systems remain accurate over time.
Understanding AI Ethics helps beginners build stronger knowledge in modern AI systems.","transparency, privacy, governance, fairness, responsible AI, bias"
121,What is the role of Automation in modern technology? (Scenario 21),"The main purpose of Automation is to solve complex problems using intelligent methods.
It combines mathematical models, programming, and data analysis techniques.
Many systems rely on training data to improve performance automatically.
The technology is useful for recognizing images, speech, and text.
Engineers test and evaluate models before deploying them into production.
Good quality data often leads to more accurate and stable predictions.
Organizations use these systems to support faster business decisions.
Security, privacy, and bias management are also important concerns.
As technology evolves, researchers continue to develop more efficient approaches.
Understanding Automation helps beginners build stronger knowledge in modern AI systems.","workflow automation, RPA, smart systems, efficiency, automation tools, productivity"
122,How does Computer Vision improve decision-making systems? (Scenario 22),"The concept of Computer Vision helps computers perform tasks that normally require human intelligence.
It is widely used in healthcare, finance, education, and transportation systems.
The technology improves accuracy and reduces manual effort in many operations.
Most systems use data, algorithms, and computing power to achieve better results.
Beginners often learn the basic models before moving to advanced techniques.
Real-world applications include recommendation systems and predictive analytics.
The field continues to grow because organizations want faster and smarter solutions.
Developers also focus on improving efficiency, reliability, and scalability.
Ethical use and responsible development are important considerations in this area.
Understanding Computer Vision helps beginners build stronger knowledge in modern AI systems.","CNN, segmentation, image recognition, pattern recognition, video analysis, object detection"
123,Why is Python for AI important in real-world applications? (Scenario 23),"Python for AI allows machines to analyze information and identify useful patterns.
It helps businesses automate repetitive and time-consuming tasks effectively.
The process usually starts with collecting and preparing high-quality data.
Algorithms then learn from examples to make predictions or classifications.
The technology can improve productivity and reduce operational costs.
Many companies apply it in customer support, security, and analytics.
Understanding model performance is important for building reliable systems.
Experts also monitor fairness and transparency during development.
Continuous learning and updates help systems remain accurate over time.
Understanding Python for AI helps beginners build stronger knowledge in modern AI systems.","TensorFlow, Python, AI libraries, NumPy, Pandas, automation"
124,Explain the working process of AI Applications. (Scenario 24),"The main purpose of AI Applications is to solve complex problems using intelligent methods.
It combines mathematical models, programming, and data analysis techniques.
Many systems rely on training data to improve performance automatically.
The technology is useful for recognizing images, speech, and text.
Engineers test and evaluate models before deploying them into production.
Good quality data often leads to more accurate and stable predictions.
Organizations use these systems to support faster business decisions.
Security, privacy, and bias management are also important concerns.
As technology evolves, researchers continue to develop more efficient approaches.
Understanding AI Applications helps beginners build stronger knowledge in modern AI systems.","healthcare AI, analytics, education, smart assistants, finance AI, recommendation systems"
125,What are the main advantages of Artificial Intelligence? (Scenario 25),"The concept of Artificial Intelligence helps computers perform tasks that normally require human intelligence.
It is widely used in healthcare, finance, education, and transportation systems.
The technology improves accuracy and reduces manual effort in many operations.
Most systems use data, algorithms, and computing power to achieve better results.
Beginners often learn the basic models before moving to advanced techniques.
Real-world applications include recommendation systems and predictive analytics.
The field continues to grow because organizations want faster and smarter solutions.
Developers also focus on improving efficiency, reliability, and scalability.
Ethical use and responsible development are important considerations in this area.
Understanding Artificial Intelligence helps beginners build stronger knowledge in modern AI systems.","intelligent systems, automation, reasoning, AI, robotics, decision making"
126,How is Machine Learning used in industry today? (Scenario 26),"Machine Learning allows machines to analyze information and identify useful patterns.
It helps businesses automate repetitive and time-consuming tasks effectively.
The process usually starts with collecting and preparing high-quality data.
Algorithms then learn from examples to make predictions or classifications.
The technology can improve productivity and reduce operational costs.
Many companies apply it in customer support, security, and analytics.
Understanding model performance is important for building reliable systems.
Experts also monitor fairness and transparency during development.
Continuous learning and updates help systems remain accurate over time.
Understanding Machine Learning helps beginners build stronger knowledge in modern AI systems.","features, model accuracy, supervised learning, prediction, machine learning, classification"
127,What challenges are associated with Deep Learning? (Scenario 27),"The main purpose of Deep Learning is to solve complex problems using intelligent methods.
It combines mathematical models, programming, and data analysis techniques.
Many systems rely on training data to improve performance automatically.
The technology is useful for recognizing images, speech, and text.
Engineers test and evaluate models before deploying them into production.
Good quality data often leads to more accurate and stable predictions.
Organizations use these systems to support faster business decisions.
Security, privacy, and bias management are also important concerns.
As technology evolves, researchers continue to develop more efficient approaches.
Understanding Deep Learning helps beginners build stronger knowledge in modern AI systems.","neural models, deep learning, training, big data, feature extraction, layers"
128,How does Natural Language Processing support intelligent automation? (Scenario 28),"The concept of Natural Language Processing helps computers perform tasks that normally require human intelligence.
It is widely used in healthcare, finance, education, and transportation systems.
The technology improves accuracy and reduces manual effort in many operations.
Most systems use data, algorithms, and computing power to achieve better results.
Beginners often learn the basic models before moving to advanced techniques.
Real-world applications include recommendation systems and predictive analytics.
The field continues to grow because organizations want faster and smarter solutions.
Developers also focus on improving efficiency, reliability, and scalability.
Ethical use and responsible development are important considerations in this area.
Understanding Natural Language Processing helps beginners build stronger knowledge in modern AI systems.","language model, translation, chatbots, NLP, text analysis, tokenization"
129,What are the core components of Neural Networks? (Scenario 29),"Neural Networks allows machines to analyze information and identify useful patterns.
It helps businesses automate repetitive and time-consuming tasks effectively.
The process usually starts with collecting and preparing high-quality data.
Algorithms then learn from examples to make predictions or classifications.
The technology can improve productivity and reduce operational costs.
Many companies apply it in customer support, security, and analytics.
Understanding model performance is important for building reliable systems.
Experts also monitor fairness and transparency during development.
Continuous learning and updates help systems remain accurate over time.
Understanding Neural Networks helps beginners build stronger knowledge in modern AI systems.","training, neurons, network layers, backpropagation, activation function, deep networks"
130,Why do developers use Data Science in AI projects? (Scenario 30),"The main purpose of Data Science is to solve complex problems using intelligent methods.
It combines mathematical models, programming, and data analysis techniques.
Many systems rely on training data to improve performance automatically.
The technology is useful for recognizing images, speech, and text.
Engineers test and evaluate models before deploying them into production.
Good quality data often leads to more accurate and stable predictions.
Organizations use these systems to support faster business decisions.
Security, privacy, and bias management are also important concerns.
As technology evolves, researchers continue to develop more efficient approaches.
Understanding Data Science helps beginners build stronger knowledge in modern AI systems.","visualization, insights, business intelligence, statistics, data cleaning, data analysis"
131,What is the role of Generative AI in modern technology? (Scenario 31),"The concept of Generative AI helps computers perform tasks that normally require human intelligence.
It is widely used in healthcare, finance, education, and transportation systems.
The technology improves accuracy and reduces manual effort in many operations.
Most systems use data, algorithms, and computing power to achieve better results.
Beginners often learn the basic models before moving to advanced techniques.
Real-world applications include recommendation systems and predictive analytics.
The field continues to grow because organizations want faster and smarter solutions.
Developers also focus on improving efficiency, reliability, and scalability.
Ethical use and responsible development are important considerations in this area.
Understanding Generative AI helps beginners build stronger knowledge in modern AI systems.","image generation, creativity, LLMs, prompt engineering, content creation, generative AI"
132,How does AI Ethics improve decision-making systems? (Scenario 32),"AI Ethics allows machines to analyze information and identify useful patterns.
It helps businesses automate repetitive and time-consuming tasks effectively.
The process usually starts with collecting and preparing high-quality data.
Algorithms then learn from examples to make predictions or classifications.
The technology can improve productivity and reduce operational costs.
Many companies apply it in customer support, security, and analytics.
Understanding model performance is important for building reliable systems.
Experts also monitor fairness and transparency during development.
Continuous learning and updates help systems remain accurate over time.
Understanding AI Ethics helps beginners build stronger knowledge in modern AI systems.","privacy, fairness, transparency, responsible AI, security, governance"
133,Why is Automation important in real-world applications? (Scenario 33),"The main purpose of Automation is to solve complex problems using intelligent methods.
It combines mathematical models, programming, and data analysis techniques.
Many systems rely on training data to improve performance automatically.
The technology is useful for recognizing images, speech, and text.
Engineers test and evaluate models before deploying them into production.
Good quality data often leads to more accurate and stable predictions.
Organizations use these systems to support faster business decisions.
Security, privacy, and bias management are also important concerns.
As technology evolves, researchers continue to develop more efficient approaches.
Understanding Automation helps beginners build stronger knowledge in modern AI systems.","smart systems, RPA, productivity, optimization, automation tools, workflow automation"
134,Explain the working process of Computer Vision. (Scenario 34),"The concept of Computer Vision helps computers perform tasks that normally require human intelligence.
It is widely used in healthcare, finance, education, and transportation systems.
The technology improves accuracy and reduces manual effort in many operations.
Most systems use data, algorithms, and computing power to achieve better results.
Beginners often learn the basic models before moving to advanced techniques.
Real-world applications include recommendation systems and predictive analytics.
The field continues to grow because organizations want faster and smarter solutions.
Developers also focus on improving efficiency, reliability, and scalability.
Ethical use and responsible development are important considerations in this area.
Understanding Computer Vision helps beginners build stronger knowledge in modern AI systems.","pattern recognition, image recognition, segmentation, CNN, video analysis, visual data"
135,What are the main advantages of Python for AI? (Scenario 35),"Python for AI allows machines to analyze information and identify useful patterns.
It helps businesses automate repetitive and time-consuming tasks effectively.
The process usually starts with collecting and preparing high-quality data.
Algorithms then learn from examples to make predictions or classifications.
The technology can improve productivity and reduce operational costs.
Many companies apply it in customer support, security, and analytics.
Understanding model performance is important for building reliable systems.
Experts also monitor fairness and transparency during development.
Continuous learning and updates help systems remain accurate over time.
Understanding Python for AI helps beginners build stronger knowledge in modern AI systems.","Pandas, AI libraries, PyTorch, Python, NumPy, TensorFlow"
136,How is AI Applications used in industry today? (Scenario 36),"The main purpose of AI Applications is to solve complex problems using intelligent methods.
It combines mathematical models, programming, and data analysis techniques.
Many systems rely on training data to improve performance automatically.
The technology is useful for recognizing images, speech, and text.
Engineers test and evaluate models before deploying them into production.
Good quality data often leads to more accurate and stable predictions.
Organizations use these systems to support faster business decisions.
Security, privacy, and bias management are also important concerns.
As technology evolves, researchers continue to develop more efficient approaches.
Understanding AI Applications helps beginners build stronger knowledge in modern AI systems.","industry, smart assistants, analytics, healthcare AI, finance AI, recommendation systems"
137,What challenges are associated with Artificial Intelligence? (Scenario 37),"The concept of Artificial Intelligence helps computers perform tasks that normally require human intelligence.
It is widely used in healthcare, finance, education, and transportation systems.
The technology improves accuracy and reduces manual effort in many operations.
Most systems use data, algorithms, and computing power to achieve better results.
Beginners often learn the basic models before moving to advanced techniques.
Real-world applications include recommendation systems and predictive analytics.
The field continues to grow because organizations want faster and smarter solutions.
Developers also focus on improving efficiency, reliability, and scalability.
Ethical use and responsible development are important considerations in this area.
Understanding Artificial Intelligence helps beginners build stronger knowledge in modern AI systems.","intelligent systems, AI, automation, decision making, reasoning, algorithms"
138,How does Machine Learning support intelligent automation? (Scenario 38),"Machine Learning allows machines to analyze information and identify useful patterns.
It helps businesses automate repetitive and time-consuming tasks effectively.
The process usually starts with collecting and preparing high-quality data.
Algorithms then learn from examples to make predictions or classifications.
The technology can improve productivity and reduce operational costs.
Many companies apply it in customer support, security, and analytics.
Understanding model performance is important for building reliable systems.
Experts also monitor fairness and transparency during development.
Continuous learning and updates help systems remain accurate over time.
Understanding Machine Learning helps beginners build stronger knowledge in modern AI systems.","training data, supervised learning, prediction, features, model accuracy, classification"
139,What are the core components of Deep Learning? (Scenario 39),"The main purpose of Deep Learning is to solve complex problems using intelligent methods.
It combines mathematical models, programming, and data analysis techniques.
Many systems rely on training data to improve performance automatically.
The technology is useful for recognizing images, speech, and text.
Engineers test and evaluate models before deploying them into production.
Good quality data often leads to more accurate and stable predictions.
Organizations use these systems to support faster business decisions.
Security, privacy, and bias management are also important concerns.
As technology evolves, researchers continue to develop more efficient approaches.
Understanding Deep Learning helps beginners build stronger knowledge in modern AI systems.","training, big data, deep learning, layers, feature extraction, AI models"
140,Why do developers use Natural Language Processing in AI projects? (Scenario 40),"The concept of Natural Language Processing helps computers perform tasks that normally require human intelligence.
It is widely used in healthcare, finance, education, and transportation systems.
The technology improves accuracy and reduces manual effort in many operations.
Most systems use data, algorithms, and computing power to achieve better results.
Beginners often learn the basic models before moving to advanced techniques.
Real-world applications include recommendation systems and predictive analytics.
The field continues to grow because organizations want faster and smarter solutions.
Developers also focus on improving efficiency, reliability, and scalability.
Ethical use and responsible development are important considerations in this area.
Understanding Natural Language Processing helps beginners build stronger knowledge in modern AI systems.","chatbots, NLP, sentiment analysis, tokenization, translation, language model"
141,What is the role of Neural Networks in modern technology? (Scenario 41),"Neural Networks allows machines to analyze information and identify useful patterns.
It helps businesses automate repetitive and time-consuming tasks effectively.
The process usually starts with collecting and preparing high-quality data.
Algorithms then learn from examples to make predictions or classifications.
The technology can improve productivity and reduce operational costs.
Many companies apply it in customer support, security, and analytics.
Understanding model performance is important for building reliable systems.
Experts also monitor fairness and transparency during development.
Continuous learning and updates help systems remain accurate over time.
Understanding Neural Networks helps beginners build stronger knowledge in modern AI systems.","network layers, deep networks, activation function, backpropagation, weights, training"
142,How does Data Science improve decision-making systems? (Scenario 42),"The main purpose of Data Science is to solve complex problems using intelligent methods.
It combines mathematical models, programming, and data analysis techniques.
Many systems rely on training data to improve performance automatically.
The technology is useful for recognizing images, speech, and text.
Engineers test and evaluate models before deploying them into production.
Good quality data often leads to more accurate and stable predictions.
Organizations use these systems to support faster business decisions.
Security, privacy, and bias management are also important concerns.
As technology evolves, researchers continue to develop more efficient approaches.
Understanding Data Science helps beginners build stronger knowledge in modern AI systems.","statistics, data analysis, analytics, visualization, insights, business intelligence"
143,Why is Generative AI important in real-world applications? (Scenario 43),"The concept of Generative AI helps computers perform tasks that normally require human intelligence.
It is widely used in healthcare, finance, education, and transportation systems.
The technology improves accuracy and reduces manual effort in many operations.
Most systems use data, algorithms, and computing power to achieve better results.
Beginners often learn the basic models before moving to advanced techniques.
Real-world applications include recommendation systems and predictive analytics.
The field continues to grow because organizations want faster and smarter solutions.
Developers also focus on improving efficiency, reliability, and scalability.
Ethical use and responsible development are important considerations in this area.
Understanding Generative AI helps beginners build stronger knowledge in modern AI systems.","LLMs, creativity, content creation, generative AI, image generation, transformers"
144,Explain the working process of AI Ethics. (Scenario 44),"AI Ethics allows machines to analyze information and identify useful patterns.
It helps businesses automate repetitive and time-consuming tasks effectively.
The process usually starts with collecting and preparing high-quality data.
Algorithms then learn from examples to make predictions or classifications.
The technology can improve productivity and reduce operational costs.
Many companies apply it in customer support, security, and analytics.
Understanding model performance is important for building reliable systems.
Experts also monitor fairness and transparency during development.
Continuous learning and updates help systems remain accurate over time.
Understanding AI Ethics helps beginners build stronger knowledge in modern AI systems.","transparency, fairness, bias, responsible AI, governance, privacy"
145,What are the main advantages of Automation? (Scenario 45),"The main purpose of Automation is to solve complex problems using intelligent methods.
It combines mathematical models, programming, and data analysis techniques.
Many systems rely on training data to improve performance automatically.
The technology is useful for recognizing images, speech, and text.
Engineers test and evaluate models before deploying them into production.
Good quality data often leads to more accurate and stable predictions.
Organizations use these systems to support faster business decisions.
Security, privacy, and bias management are also important concerns.
As technology evolves, researchers continue to develop more efficient approaches.
Understanding Automation helps beginners build stronger knowledge in modern AI systems.","workflow automation, efficiency, optimization, smart systems, automation tools, productivity"
146,How is Computer Vision used in industry today? (Scenario 46),"The concept of Computer Vision helps computers perform tasks that normally require human intelligence.
It is widely used in healthcare, finance, education, and transportation systems.
The technology improves accuracy and reduces manual effort in many operations.
Most systems use data, algorithms, and computing power to achieve better results.
Beginners often learn the basic models before moving to advanced techniques.
Real-world applications include recommendation systems and predictive analytics.
The field continues to grow because organizations want faster and smarter solutions.
Developers also focus on improving efficiency, reliability, and scalability.
Ethical use and responsible development are important considerations in this area.
Understanding Computer Vision helps beginners build stronger knowledge in modern AI systems.","visual data, CNN, video analysis, pattern recognition, object detection, segmentation"
147,What challenges are associated with Python for AI? (Scenario 47),"Python for AI allows machines to analyze information and identify useful patterns.
It helps businesses automate repetitive and time-consuming tasks effectively.
The process usually starts with collecting and preparing high-quality data.
Algorithms then learn from examples to make predictions or classifications.
The technology can improve productivity and reduce operational costs.
Many companies apply it in customer support, security, and analytics.
Understanding model performance is important for building reliable systems.
Experts also monitor fairness and transparency during development.
Continuous learning and updates help systems remain accurate over time.
Understanding Python for AI helps beginners build stronger knowledge in modern AI systems.","NumPy, AI libraries, PyTorch, automation, Python, TensorFlow"
148,How does AI Applications support intelligent automation? (Scenario 48),"The main purpose of AI Applications is to solve complex problems using intelligent methods.
It combines mathematical models, programming, and data analysis techniques.
Many systems rely on training data to improve performance automatically.
The technology is useful for recognizing images, speech, and text.
Engineers test and evaluate models before deploying them into production.
Good quality data often leads to more accurate and stable predictions.
Organizations use these systems to support faster business decisions.
Security, privacy, and bias management are also important concerns.
As technology evolves, researchers continue to develop more efficient approaches.
Understanding AI Applications helps beginners build stronger knowledge in modern AI systems.","recommendation systems, education, smart assistants, analytics, healthcare AI, industry"
149,What are the core components of Artificial Intelligence? (Scenario 49),"The concept of Artificial Intelligence helps computers perform tasks that normally require human intelligence.
It is widely used in healthcare, finance, education, and transportation systems.
The technology improves accuracy and reduces manual effort in many operations.
Most systems use data, algorithms, and computing power to achieve better results.
Beginners often learn the basic models before moving to advanced techniques.
Real-world applications include recommendation systems and predictive analytics.
The field continues to grow because organizations want faster and smarter solutions.
Developers also focus on improving efficiency, reliability, and scalability.
Ethical use and responsible development are important considerations in this area.
Understanding Artificial Intelligence helps beginners build stronger knowledge in modern AI systems.","reasoning, decision making, AI, algorithms, intelligent systems, robotics"
150,Why do developers use Machine Learning in AI projects? (Scenario 50),"Machine Learning allows machines to analyze information and identify useful patterns.
It helps businesses automate repetitive and time-consuming tasks effectively.
The process usually starts with collecting and preparing high-quality data.
Algorithms then learn from examples to make predictions or classifications.
The technology can improve productivity and reduce operational costs.
Many companies apply it in customer support, security, and analytics.
Understanding model performance is important for building reliable systems.
Experts also monitor fairness and transparency during development.
Continuous learning and updates help systems remain accurate over time.
Understanding Machine Learning helps beginners build stronger knowledge in modern AI systems.","model accuracy, classification, prediction, supervised learning, features, training data"
151,What is the role of Deep Learning in modern technology? (Scenario 51),"The main purpose of Deep Learning is to solve complex problems using intelligent methods.
It combines mathematical models, programming, and data analysis techniques.
Many systems rely on training data to improve performance automatically.
The technology is useful for recognizing images, speech, and text.
Engineers test and evaluate models before deploying them into production.
Good quality data often leads to more accurate and stable predictions.
Organizations use these systems to support faster business decisions.
Security, privacy, and bias management are also important concerns.
As technology evolves, researchers continue to develop more efficient approaches.
Understanding Deep Learning helps beginners build stronger knowledge in modern AI systems.","feature extraction, training, neural models, layers, deep learning, big data"
152,How does Natural Language Processing improve decision-making systems? (Scenario 52),"The concept of Natural Language Processing helps computers perform tasks that normally require human intelligence.
It is widely used in healthcare, finance, education, and transportation systems.
The technology improves accuracy and reduces manual effort in many operations.
Most systems use data, algorithms, and computing power to achieve better results.
Beginners often learn the basic models before moving to advanced techniques.
Real-world applications include recommendation systems and predictive analytics.
The field continues to grow because organizations want faster and smarter solutions.
Developers also focus on improving efficiency, reliability, and scalability.
Ethical use and responsible development are important considerations in this area.
Understanding Natural Language Processing helps beginners build stronger knowledge in modern AI systems.","language model, text analysis, tokenization, sentiment analysis, NLP, translation"
153,Why is Neural Networks important in real-world applications? (Scenario 53),"Neural Networks allows machines to analyze information and identify useful patterns.
It helps businesses automate repetitive and time-consuming tasks effectively.
The process usually starts with collecting and preparing high-quality data.
Algorithms then learn from examples to make predictions or classifications.
The technology can improve productivity and reduce operational costs.
Many companies apply it in customer support, security, and analytics.
Understanding model performance is important for building reliable systems.
Experts also monitor fairness and transparency during development.
Continuous learning and updates help systems remain accurate over time.
Understanding Neural Networks helps beginners build stronger knowledge in modern AI systems.","activation function, network layers, neurons, training, backpropagation, weights"
154,Explain the working process of Data Science. (Scenario 54),"The main purpose of Data Science is to solve complex problems using intelligent methods.
It combines mathematical models, programming, and data analysis techniques.
Many systems rely on training data to improve performance automatically.
The technology is useful for recognizing images, speech, and text.
Engineers test and evaluate models before deploying them into production.
Good quality data often leads to more accurate and stable predictions.
Organizations use these systems to support faster business decisions.
Security, privacy, and bias management are also important concerns.
As technology evolves, researchers continue to develop more efficient approaches.
Understanding Data Science helps beginners build stronger knowledge in modern AI systems.","statistics, insights, business intelligence, data analysis, data cleaning, visualization"
155,What are the main advantages of Generative AI? (Scenario 55),"The concept of Generative AI helps computers perform tasks that normally require human intelligence.
It is widely used in healthcare, finance, education, and transportation systems.
The technology improves accuracy and reduces manual effort in many operations.
Most systems use data, algorithms, and computing power to achieve better results.
Beginners often learn the basic models before moving to advanced techniques.
Real-world applications include recommendation systems and predictive analytics.
The field continues to grow because organizations want faster and smarter solutions.
Developers also focus on improving efficiency, reliability, and scalability.
Ethical use and responsible development are important considerations in this area.
Understanding Generative AI helps beginners build stronger knowledge in modern AI systems.","creativity, content creation, transformers, LLMs, image generation, prompt engineering"
156,How is AI Ethics used in industry today? (Scenario 56),"AI Ethics allows machines to analyze information and identify useful patterns.
It helps businesses automate repetitive and time-consuming tasks effectively.
The process usually starts with collecting and preparing high-quality data.
Algorithms then learn from examples to make predictions or classifications.
The technology can improve productivity and reduce operational costs.
Many companies apply it in customer support, security, and analytics.
Understanding model performance is important for building reliable systems.
Experts also monitor fairness and transparency during development.
Continuous learning and updates help systems remain accurate over time.
Understanding AI Ethics helps beginners build stronger knowledge in modern AI systems.","governance, responsible AI, bias, transparency, privacy, fairness"
157,What challenges are associated with Automation? (Scenario 57),"The main purpose of Automation is to solve complex problems using intelligent methods.
It combines mathematical models, programming, and data analysis techniques.
Many systems rely on training data to improve performance automatically.
The technology is useful for recognizing images, speech, and text.
Engineers test and evaluate models before deploying them into production.
Good quality data often leads to more accurate and stable predictions.
Organizations use these systems to support faster business decisions.
Security, privacy, and bias management are also important concerns.
As technology evolves, researchers continue to develop more efficient approaches.
Understanding Automation helps beginners build stronger knowledge in modern AI systems.","efficiency, workflow automation, RPA, smart systems, productivity, automation tools"
158,How does Computer Vision support intelligent automation? (Scenario 58),"The concept of Computer Vision helps computers perform tasks that normally require human intelligence.
It is widely used in healthcare, finance, education, and transportation systems.
The technology improves accuracy and reduces manual effort in many operations.
Most systems use data, algorithms, and computing power to achieve better results.
Beginners often learn the basic models before moving to advanced techniques.
Real-world applications include recommendation systems and predictive analytics.
The field continues to grow because organizations want faster and smarter solutions.
Developers also focus on improving efficiency, reliability, and scalability.
Ethical use and responsible development are important considerations in this area.
Understanding Computer Vision helps beginners build stronger knowledge in modern AI systems.","image recognition, object detection, video analysis, segmentation, visual data, CNN"
159,What are the core components of Python for AI? (Scenario 59),"Python for AI allows machines to analyze information and identify useful patterns.
It helps businesses automate repetitive and time-consuming tasks effectively.
The process usually starts with collecting and preparing high-quality data.
Algorithms then learn from examples to make predictions or classifications.
The technology can improve productivity and reduce operational costs.
Many companies apply it in customer support, security, and analytics.
Understanding model performance is important for building reliable systems.
Experts also monitor fairness and transparency during development.
Continuous learning and updates help systems remain accurate over time.
Understanding Python for AI helps beginners build stronger knowledge in modern AI systems.","AI libraries, TensorFlow, Pandas, NumPy, PyTorch, Python"
160,Why do developers use AI Applications in AI projects? (Scenario 60),"The main purpose of AI Applications is to solve complex problems using intelligent methods.
It combines mathematical models, programming, and data analysis techniques.
Many systems rely on training data to improve performance automatically.
The technology is useful for recognizing images, speech, and text.
Engineers test and evaluate models before deploying them into production.
Good quality data often leads to more accurate and stable predictions.
Organizations use these systems to support faster business decisions.
Security, privacy, and bias management are also important concerns.
As technology evolves, researchers continue to develop more efficient approaches.
Understanding AI Applications helps beginners build stronger knowledge in modern AI systems.","education, finance AI, smart assistants, analytics, healthcare AI, recommendation systems"
161,What is the role of Artificial Intelligence in modern technology? (Scenario 61),"The concept of Artificial Intelligence helps computers perform tasks that normally require human intelligence.
It is widely used in healthcare, finance, education, and transportation systems.
The technology improves accuracy and reduces manual effort in many operations.
Most systems use data, algorithms, and computing power to achieve better results.
Beginners often learn the basic models before moving to advanced techniques.
Real-world applications include recommendation systems and predictive analytics.
The field continues to grow because organizations want faster and smarter solutions.
Developers also focus on improving efficiency, reliability, and scalability.
Ethical use and responsible development are important considerations in this area.
Understanding Artificial Intelligence helps beginners build stronger knowledge in modern AI systems.","reasoning, algorithms, AI, robotics, intelligent systems, automation"
162,How does Machine Learning improve decision-making systems? (Scenario 62),"Machine Learning allows machines to analyze information and identify useful patterns.
It helps businesses automate repetitive and time-consuming tasks effectively.
The process usually starts with collecting and preparing high-quality data.
Algorithms then learn from examples to make predictions or classifications.
The technology can improve productivity and reduce operational costs.
Many companies apply it in customer support, security, and analytics.
Understanding model performance is important for building reliable systems.
Experts also monitor fairness and transparency during development.
Continuous learning and updates help systems remain accurate over time.
Understanding Machine Learning helps beginners build stronger knowledge in modern AI systems.","machine learning, supervised learning, prediction, classification, features, model accuracy"
163,Why is Deep Learning important in real-world applications? (Scenario 63),"The main purpose of Deep Learning is to solve complex problems using intelligent methods.
It combines mathematical models, programming, and data analysis techniques.
Many systems rely on training data to improve performance automatically.
The technology is useful for recognizing images, speech, and text.
Engineers test and evaluate models before deploying them into production.
Good quality data often leads to more accurate and stable predictions.
Organizations use these systems to support faster business decisions.
Security, privacy, and bias management are also important concerns.
As technology evolves, researchers continue to develop more efficient approaches.
Understanding Deep Learning helps beginners build stronger knowledge in modern AI systems.","deep learning, neural models, AI models, training, big data, layers"
164,Explain the working process of Natural Language Processing. (Scenario 64),"The concept of Natural Language Processing helps computers perform tasks that normally require human intelligence.
It is widely used in healthcare, finance, education, and transportation systems.
The technology improves accuracy and reduces manual effort in many operations.
Most systems use data, algorithms, and computing power to achieve better results.
Beginners often learn the basic models before moving to advanced techniques.
Real-world applications include recommendation systems and predictive analytics.
The field continues to grow because organizations want faster and smarter solutions.
Developers also focus on improving efficiency, reliability, and scalability.
Ethical use and responsible development are important considerations in this area.
Understanding Natural Language Processing helps beginners build stronger knowledge in modern AI systems.","translation, text analysis, language model, NLP, chatbots, tokenization"
165,What are the main advantages of Neural Networks? (Scenario 65),"Neural Networks allows machines to analyze information and identify useful patterns.
It helps businesses automate repetitive and time-consuming tasks effectively.
The process usually starts with collecting and preparing high-quality data.
Algorithms then learn from examples to make predictions or classifications.
The technology can improve productivity and reduce operational costs.
Many companies apply it in customer support, security, and analytics.
Understanding model performance is important for building reliable systems.
Experts also monitor fairness and transparency during development.
Continuous learning and updates help systems remain accurate over time.
Understanding Neural Networks helps beginners build stronger knowledge in modern AI systems.","activation function, weights, network layers, neurons, training, deep networks"
166,How is Data Science used in industry today? (Scenario 66),"The main purpose of Data Science is to solve complex problems using intelligent methods.
It combines mathematical models, programming, and data analysis techniques.
Many systems rely on training data to improve performance automatically.
The technology is useful for recognizing images, speech, and text.
Engineers test and evaluate models before deploying them into production.
Good quality data often leads to more accurate and stable predictions.
Organizations use these systems to support faster business decisions.
Security, privacy, and bias management are also important concerns.
As technology evolves, researchers continue to develop more efficient approaches.
Understanding Data Science helps beginners build stronger knowledge in modern AI systems.","insights, visualization, data analysis, business intelligence, statistics, data cleaning"
167,What challenges are associated with Generative AI? (Scenario 67),"The concept of Generative AI helps computers perform tasks that normally require human intelligence.
It is widely used in healthcare, finance, education, and transportation systems.
The technology improves accuracy and reduces manual effort in many operations.
Most systems use data, algorithms, and computing power to achieve better results.
Beginners often learn the basic models before moving to advanced techniques.
Real-world applications include recommendation systems and predictive analytics.
The field continues to grow because organizations want faster and smarter solutions.
Developers also focus on improving efficiency, reliability, and scalability.
Ethical use and responsible development are important considerations in this area.
Understanding Generative AI helps beginners build stronger knowledge in modern AI systems.","prompt engineering, creativity, LLMs, transformers, image generation, content creation"
168,How does AI Ethics support intelligent automation? (Scenario 68),"AI Ethics allows machines to analyze information and identify useful patterns.
It helps businesses automate repetitive and time-consuming tasks effectively.
The process usually starts with collecting and preparing high-quality data.
Algorithms then learn from examples to make predictions or classifications.
The technology can improve productivity and reduce operational costs.
Many companies apply it in customer support, security, and analytics.
Understanding model performance is important for building reliable systems.
Experts also monitor fairness and transparency during development.
Continuous learning and updates help systems remain accurate over time.
Understanding AI Ethics helps beginners build stronger knowledge in modern AI systems.","security, privacy, transparency, fairness, governance, bias"
169,What are the core components of Automation? (Scenario 69),"The main purpose of Automation is to solve complex problems using intelligent methods.
It combines mathematical models, programming, and data analysis techniques.
Many systems rely on training data to improve performance automatically.
The technology is useful for recognizing images, speech, and text.
Engineers test and evaluate models before deploying them into production.
Good quality data often leads to more accurate and stable predictions.
Organizations use these systems to support faster business decisions.
Security, privacy, and bias management are also important concerns.
As technology evolves, researchers continue to develop more efficient approaches.
Understanding Automation helps beginners build stronger knowledge in modern AI systems.","RPA, workflow automation, efficiency, productivity, automation tools, smart systems"
170,Why do developers use Computer Vision in AI projects? (Scenario 70),"The concept of Computer Vision helps computers perform tasks that normally require human intelligence.
It is widely used in healthcare, finance, education, and transportation systems.
The technology improves accuracy and reduces manual effort in many operations.
Most systems use data, algorithms, and computing power to achieve better results.
Beginners often learn the basic models before moving to advanced techniques.
Real-world applications include recommendation systems and predictive analytics.
The field continues to grow because organizations want faster and smarter solutions.
Developers also focus on improving efficiency, reliability, and scalability.
Ethical use and responsible development are important considerations in this area.
Understanding Computer Vision helps beginners build stronger knowledge in modern AI systems.","visual data, video analysis, object detection, pattern recognition, CNN, segmentation"
171,What is the role of Python for AI in modern technology? (Scenario 71),"Python for AI allows machines to analyze information and identify useful patterns.
It helps businesses automate repetitive and time-consuming tasks effectively.
The process usually starts with collecting and preparing high-quality data.
Algorithms then learn from examples to make predictions or classifications.
The technology can improve productivity and reduce operational costs.
Many companies apply it in customer support, security, and analytics.
Understanding model performance is important for building reliable systems.
Experts also monitor fairness and transparency during development.
Continuous learning and updates help systems remain accurate over time.
Understanding Python for AI helps beginners build stronger knowledge in modern AI systems.","PyTorch, TensorFlow, automation, Pandas, NumPy, Python"
172,How does AI Applications improve decision-making systems? (Scenario 72),"The main purpose of AI Applications is to solve complex problems using intelligent methods.
It combines mathematical models, programming, and data analysis techniques.
Many systems rely on training data to improve performance automatically.
The technology is useful for recognizing images, speech, and text.
Engineers test and evaluate models before deploying them into production.
Good quality data often leads to more accurate and stable predictions.
Organizations use these systems to support faster business decisions.
Security, privacy, and bias management are also important concerns.
As technology evolves, researchers continue to develop more efficient approaches.
Understanding AI Applications helps beginners build stronger knowledge in modern AI systems.","education, industry, smart assistants, healthcare AI, analytics, recommendation systems"
173,Why is Artificial Intelligence important in real-world applications? (Scenario 73),"The concept of Artificial Intelligence helps computers perform tasks that normally require human intelligence.
It is widely used in healthcare, finance, education, and transportation systems.
The technology improves accuracy and reduces manual effort in many operations.
Most systems use data, algorithms, and computing power to achieve better results.
Beginners often learn the basic models before moving to advanced techniques.
Real-world applications include recommendation systems and predictive analytics.
The field continues to grow because organizations want faster and smarter solutions.
Developers also focus on improving efficiency, reliability, and scalability.
Ethical use and responsible development are important considerations in this area.
Understanding Artificial Intelligence helps beginners build stronger knowledge in modern AI systems.","decision making, intelligent systems, robotics, AI, reasoning, algorithms"
174,Explain the working process of Machine Learning. (Scenario 74),"Machine Learning allows machines to analyze information and identify useful patterns.
It helps businesses automate repetitive and time-consuming tasks effectively.
The process usually starts with collecting and preparing high-quality data.
Algorithms then learn from examples to make predictions or classifications.
The technology can improve productivity and reduce operational costs.
Many companies apply it in customer support, security, and analytics.
Understanding model performance is important for building reliable systems.
Experts also monitor fairness and transparency during development.
Continuous learning and updates help systems remain accurate over time.
Understanding Machine Learning helps beginners build stronger knowledge in modern AI systems.","prediction, model accuracy, machine learning, training data, features, classification"
175,What are the main advantages of Deep Learning? (Scenario 75),"The main purpose of Deep Learning is to solve complex problems using intelligent methods.
It combines mathematical models, programming, and data analysis techniques.
Many systems rely on training data to improve performance automatically.
The technology is useful for recognizing images, speech, and text.
Engineers test and evaluate models before deploying them into production.
Good quality data often leads to more accurate and stable predictions.
Organizations use these systems to support faster business decisions.
Security, privacy, and bias management are also important concerns.
As technology evolves, researchers continue to develop more efficient approaches.
Understanding Deep Learning helps beginners build stronger knowledge in modern AI systems.","big data, training, layers, AI models, feature extraction, deep learning"
176,How is Natural Language Processing used in industry today? (Scenario 76),"The concept of Natural Language Processing helps computers perform tasks that normally require human intelligence.
It is widely used in healthcare, finance, education, and transportation systems.
The technology improves accuracy and reduces manual effort in many operations.
Most systems use data, algorithms, and computing power to achieve better results.
Beginners often learn the basic models before moving to advanced techniques.
Real-world applications include recommendation systems and predictive analytics.
The field continues to grow because organizations want faster and smarter solutions.
Developers also focus on improving efficiency, reliability, and scalability.
Ethical use and responsible development are important considerations in this area.
Understanding Natural Language Processing helps beginners build stronger knowledge in modern AI systems.","sentiment analysis, translation, text analysis, NLP, tokenization, chatbots"
177,What challenges are associated with Neural Networks? (Scenario 77),"Neural Networks allows machines to analyze information and identify useful patterns.
It helps businesses automate repetitive and time-consuming tasks effectively.
The process usually starts with collecting and preparing high-quality data.
Algorithms then learn from examples to make predictions or classifications.
The technology can improve productivity and reduce operational costs.
Many companies apply it in customer support, security, and analytics.
Understanding model performance is important for building reliable systems.
Experts also monitor fairness and transparency during development.
Continuous learning and updates help systems remain accurate over time.
Understanding Neural Networks helps beginners build stronger knowledge in modern AI systems.","weights, deep networks, backpropagation, training, activation function, neurons"
178,How does Data Science support intelligent automation? (Scenario 78),"The main purpose of Data Science is to solve complex problems using intelligent methods.
It combines mathematical models, programming, and data analysis techniques.
Many systems rely on training data to improve performance automatically.
The technology is useful for recognizing images, speech, and text.
Engineers test and evaluate models before deploying them into production.
Good quality data often leads to more accurate and stable predictions.
Organizations use these systems to support faster business decisions.
Security, privacy, and bias management are also important concerns.
As technology evolves, researchers continue to develop more efficient approaches.
Understanding Data Science helps beginners build stronger knowledge in modern AI systems.","analytics, data cleaning, visualization, business intelligence, insights, statistics"
179,What are the core components of Generative AI? (Scenario 79),"The concept of Generative AI helps computers perform tasks that normally require human intelligence.
It is widely used in healthcare, finance, education, and transportation systems.
The technology improves accuracy and reduces manual effort in many operations.
Most systems use data, algorithms, and computing power to achieve better results.
Beginners often learn the basic models before moving to advanced techniques.
Real-world applications include recommendation systems and predictive analytics.
The field continues to grow because organizations want faster and smarter solutions.
Developers also focus on improving efficiency, reliability, and scalability.
Ethical use and responsible development are important considerations in this area.
Understanding Generative AI helps beginners build stronger knowledge in modern AI systems.","LLMs, transformers, content creation, prompt engineering, image generation, generative AI"
180,Why do developers use AI Ethics in AI projects? (Scenario 80),"AI Ethics allows machines to analyze information and identify useful patterns.
It helps businesses automate repetitive and time-consuming tasks effectively.
The process usually starts with collecting and preparing high-quality data.
Algorithms then learn from examples to make predictions or classifications.
The technology can improve productivity and reduce operational costs.
Many companies apply it in customer support, security, and analytics.
Understanding model performance is important for building reliable systems.
Experts also monitor fairness and transparency during development.
Continuous learning and updates help systems remain accurate over time.
Understanding AI Ethics helps beginners build stronger knowledge in modern AI systems.","bias, privacy, transparency, fairness, responsible AI, security"
181,What is the role of Automation in modern technology? (Scenario 81),"The main purpose of Automation is to solve complex problems using intelligent methods.
It combines mathematical models, programming, and data analysis techniques.
Many systems rely on training data to improve performance automatically.
The technology is useful for recognizing images, speech, and text.
Engineers test and evaluate models before deploying them into production.
Good quality data often leads to more accurate and stable predictions.
Organizations use these systems to support faster business decisions.
Security, privacy, and bias management are also important concerns.
As technology evolves, researchers continue to develop more efficient approaches.
Understanding Automation helps beginners build stronger knowledge in modern AI systems.","efficiency, workflow automation, RPA, automation tools, smart systems, productivity"
182,How does Computer Vision improve decision-making systems? (Scenario 82),"The concept of Computer Vision helps computers perform tasks that normally require human intelligence.
It is widely used in healthcare, finance, education, and transportation systems.
The technology improves accuracy and reduces manual effort in many operations.
Most systems use data, algorithms, and computing power to achieve better results.
Beginners often learn the basic models before moving to advanced techniques.
Real-world applications include recommendation systems and predictive analytics.
The field continues to grow because organizations want faster and smarter solutions.
Developers also focus on improving efficiency, reliability, and scalability.
Ethical use and responsible development are important considerations in this area.
Understanding Computer Vision helps beginners build stronger knowledge in modern AI systems.","visual data, image recognition, object detection, segmentation, CNN, video analysis"
183,Why is Python for AI important in real-world applications? (Scenario 83),"Python for AI allows machines to analyze information and identify useful patterns.
It helps businesses automate repetitive and time-consuming tasks effectively.
The process usually starts with collecting and preparing high-quality data.
Algorithms then learn from examples to make predictions or classifications.
The technology can improve productivity and reduce operational costs.
Many companies apply it in customer support, security, and analytics.
Understanding model performance is important for building reliable systems.
Experts also monitor fairness and transparency during development.
Continuous learning and updates help systems remain accurate over time.
Understanding Python for AI helps beginners build stronger knowledge in modern AI systems.","TensorFlow, PyTorch, Python, NumPy, Pandas, AI libraries"
184,Explain the working process of AI Applications. (Scenario 84),"The main purpose of AI Applications is to solve complex problems using intelligent methods.
It combines mathematical models, programming, and data analysis techniques.
Many systems rely on training data to improve performance automatically.
The technology is useful for recognizing images, speech, and text.
Engineers test and evaluate models before deploying them into production.
Good quality data often leads to more accurate and stable predictions.
Organizations use these systems to support faster business decisions.
Security, privacy, and bias management are also important concerns.
As technology evolves, researchers continue to develop more efficient approaches.
Understanding AI Applications helps beginners build stronger knowledge in modern AI systems.","healthcare AI, analytics, smart assistants, industry, finance AI, education"
185,What are the main advantages of Artificial Intelligence? (Scenario 85),"The concept of Artificial Intelligence helps computers perform tasks that normally require human intelligence.
It is widely used in healthcare, finance, education, and transportation systems.
The technology improves accuracy and reduces manual effort in many operations.
Most systems use data, algorithms, and computing power to achieve better results.
Beginners often learn the basic models before moving to advanced techniques.
Real-world applications include recommendation systems and predictive analytics.
The field continues to grow because organizations want faster and smarter solutions.
Developers also focus on improving efficiency, reliability, and scalability.
Ethical use and responsible development are important considerations in this area.
Understanding Artificial Intelligence helps beginners build stronger knowledge in modern AI systems.","reasoning, algorithms, decision making, intelligent systems, AI, automation"
186,How is Machine Learning used in industry today? (Scenario 86),"Machine Learning allows machines to analyze information and identify useful patterns.
It helps businesses automate repetitive and time-consuming tasks effectively.
The process usually starts with collecting and preparing high-quality data.
Algorithms then learn from examples to make predictions or classifications.
The technology can improve productivity and reduce operational costs.
Many companies apply it in customer support, security, and analytics.
Understanding model performance is important for building reliable systems.
Experts also monitor fairness and transparency during development.
Continuous learning and updates help systems remain accurate over time.
Understanding Machine Learning helps beginners build stronger knowledge in modern AI systems.","model accuracy, prediction, supervised learning, machine learning, features, classification"
187,What challenges are associated with Deep Learning? (Scenario 87),"The main purpose of Deep Learning is to solve complex problems using intelligent methods.
It combines mathematical models, programming, and data analysis techniques.
Many systems rely on training data to improve performance automatically.
The technology is useful for recognizing images, speech, and text.
Engineers test and evaluate models before deploying them into production.
Good quality data often leads to more accurate and stable predictions.
Organizations use these systems to support faster business decisions.
Security, privacy, and bias management are also important concerns.
As technology evolves, researchers continue to develop more efficient approaches.
Understanding Deep Learning helps beginners build stronger knowledge in modern AI systems.","layers, training, AI models, neural models, deep learning, big data"
188,How does Natural Language Processing support intelligent automation? (Scenario 88),"The concept of Natural Language Processing helps computers perform tasks that normally require human intelligence.
It is widely used in healthcare, finance, education, and transportation systems.
The technology improves accuracy and reduces manual effort in many operations.
Most systems use data, algorithms, and computing power to achieve better results.
Beginners often learn the basic models before moving to advanced techniques.
Real-world applications include recommendation systems and predictive analytics.
The field continues to grow because organizations want faster and smarter solutions.
Developers also focus on improving efficiency, reliability, and scalability.
Ethical use and responsible development are important considerations in this area.
Understanding Natural Language Processing helps beginners build stronger knowledge in modern AI systems.","translation, sentiment analysis, language model, text analysis, NLP, chatbots"
189,What are the core components of Neural Networks? (Scenario 89),"Neural Networks allows machines to analyze information and identify useful patterns.
It helps businesses automate repetitive and time-consuming tasks effectively.
The process usually starts with collecting and preparing high-quality data.
Algorithms then learn from examples to make predictions or classifications.
The technology can improve productivity and reduce operational costs.
Many companies apply it in customer support, security, and analytics.
Understanding model performance is important for building reliable systems.
Experts also monitor fairness and transparency during development.
Continuous learning and updates help systems remain accurate over time.
Understanding Neural Networks helps beginners build stronger knowledge in modern AI systems.","network layers, training, backpropagation, activation function, weights, deep networks"
190,Why do developers use Data Science in AI projects? (Scenario 90),"The main purpose of Data Science is to solve complex problems using intelligent methods.
It combines mathematical models, programming, and data analysis techniques.
Many systems rely on training data to improve performance automatically.
The technology is useful for recognizing images, speech, and text.
Engineers test and evaluate models before deploying them into production.
Good quality data often leads to more accurate and stable predictions.
Organizations use these systems to support faster business decisions.
Security, privacy, and bias management are also important concerns.
As technology evolves, researchers continue to develop more efficient approaches.
Understanding Data Science helps beginners build stronger knowledge in modern AI systems.","data cleaning, statistics, visualization, analytics, insights, business intelligence"
191,What is the role of Generative AI in modern technology? (Scenario 91),"The concept of Generative AI helps computers perform tasks that normally require human intelligence.
It is widely used in healthcare, finance, education, and transportation systems.
The technology improves accuracy and reduces manual effort in many operations.
Most systems use data, algorithms, and computing power to achieve better results.
Beginners often learn the basic models before moving to advanced techniques.
Real-world applications include recommendation systems and predictive analytics.
The field continues to grow because organizations want faster and smarter solutions.
Developers also focus on improving efficiency, reliability, and scalability.
Ethical use and responsible development are important considerations in this area.
Understanding Generative AI helps beginners build stronger knowledge in modern AI systems.","prompt engineering, generative AI, content creation, image generation, creativity, transformers"
192,How does AI Ethics improve decision-making systems? (Scenario 92),"AI Ethics allows machines to analyze information and identify useful patterns.
It helps businesses automate repetitive and time-consuming tasks effectively.
The process usually starts with collecting and preparing high-quality data.
Algorithms then learn from examples to make predictions or classifications.
The technology can improve productivity and reduce operational costs.
Many companies apply it in customer support, security, and analytics.
Understanding model performance is important for building reliable systems.
Experts also monitor fairness and transparency during development.
Continuous learning and updates help systems remain accurate over time.
Understanding AI Ethics helps beginners build stronger knowledge in modern AI systems.","privacy, fairness, security, bias, responsible AI, governance"
193,Why is Automation important in real-world applications? (Scenario 93),"The main purpose of Automation is to solve complex problems using intelligent methods.
It combines mathematical models, programming, and data analysis techniques.
Many systems rely on training data to improve performance automatically.
The technology is useful for recognizing images, speech, and text.
Engineers test and evaluate models before deploying them into production.
Good quality data often leads to more accurate and stable predictions.
Organizations use these systems to support faster business decisions.
Security, privacy, and bias management are also important concerns.
As technology evolves, researchers continue to develop more efficient approaches.
Understanding Automation helps beginners build stronger knowledge in modern AI systems.","smart systems, workflow automation, productivity, RPA, optimization, automation tools"
194,Explain the working process of Computer Vision. (Scenario 94),"The concept of Computer Vision helps computers perform tasks that normally require human intelligence.
It is widely used in healthcare, finance, education, and transportation systems.
The technology improves accuracy and reduces manual effort in many operations.
Most systems use data, algorithms, and computing power to achieve better results.
Beginners often learn the basic models before moving to advanced techniques.
Real-world applications include recommendation systems and predictive analytics.
The field continues to grow because organizations want faster and smarter solutions.
Developers also focus on improving efficiency, reliability, and scalability.
Ethical use and responsible development are important considerations in this area.
Understanding Computer Vision helps beginners build stronger knowledge in modern AI systems.","image recognition, CNN, visual data, object detection, video analysis, segmentation"
195,What are the main advantages of Python for AI? (Scenario 95),"Python for AI allows machines to analyze information and identify useful patterns.
It helps businesses automate repetitive and time-consuming tasks effectively.
The process usually starts with collecting and preparing high-quality data.
Algorithms then learn from examples to make predictions or classifications.
The technology can improve productivity and reduce operational costs.
Many companies apply it in customer support, security, and analytics.
Understanding model performance is important for building reliable systems.
Experts also monitor fairness and transparency during development.
Continuous learning and updates help systems remain accurate over time.
Understanding Python for AI helps beginners build stronger knowledge in modern AI systems.","Pandas, TensorFlow, Python, PyTorch, automation, AI libraries"
196,How is AI Applications used in industry today? (Scenario 96),"The main purpose of AI Applications is to solve complex problems using intelligent methods.
It combines mathematical models, programming, and data analysis techniques.
Many systems rely on training data to improve performance automatically.
The technology is useful for recognizing images, speech, and text.
Engineers test and evaluate models before deploying them into production.
Good quality data often leads to more accurate and stable predictions.
Organizations use these systems to support faster business decisions.
Security, privacy, and bias management are also important concerns.
As technology evolves, researchers continue to develop more efficient approaches.
Understanding AI Applications helps beginners build stronger knowledge in modern AI systems.","industry, analytics, education, healthcare AI, finance AI, recommendation systems"
197,What challenges are associated with Artificial Intelligence? (Scenario 97),"The concept of Artificial Intelligence helps computers perform tasks that normally require human intelligence.
It is widely used in healthcare, finance, education, and transportation systems.
The technology improves accuracy and reduces manual effort in many operations.
Most systems use data, algorithms, and computing power to achieve better results.
Beginners often learn the basic models before moving to advanced techniques.
Real-world applications include recommendation systems and predictive analytics.
The field continues to grow because organizations want faster and smarter solutions.
Developers also focus on improving efficiency, reliability, and scalability.
Ethical use and responsible development are important considerations in this area.
Understanding Artificial Intelligence helps beginners build stronger knowledge in modern AI systems.","robotics, reasoning, intelligent systems, AI, algorithms, automation"
198,How does Machine Learning support intelligent automation? (Scenario 98),"Machine Learning allows machines to analyze information and identify useful patterns.
It helps businesses automate repetitive and time-consuming tasks effectively.
The process usually starts with collecting and preparing high-quality data.
Algorithms then learn from examples to make predictions or classifications.
The technology can improve productivity and reduce operational costs.
Many companies apply it in customer support, security, and analytics.
Understanding model performance is important for building reliable systems.
Experts also monitor fairness and transparency during development.
Continuous learning and updates help systems remain accurate over time.
Understanding Machine Learning helps beginners build stronger knowledge in modern AI systems.","training data, prediction, classification, machine learning, model accuracy, features"
199,What are the core components of Deep Learning? (Scenario 99),"The main purpose of Deep Learning is to solve complex problems using intelligent methods.
It combines mathematical models, programming, and data analysis techniques.
Many systems rely on training data to improve performance automatically.
The technology is useful for recognizing images, speech, and text.
Engineers test and evaluate models before deploying them into production.
Good quality data often leads to more accurate and stable predictions.
Organizations use these systems to support faster business decisions.
Security, privacy, and bias management are also important concerns.
As technology evolves, researchers continue to develop more efficient approaches.
Understanding Deep Learning helps beginners build stronger knowledge in modern AI systems.","feature extraction, deep learning, neural models, layers, AI models, training"
200,Why do developers use Natural Language Processing in AI projects? (Scenario 100),"The concept of Natural Language Processing helps computers perform tasks that normally require human intelligence.
It is widely used in healthcare, finance, education, and transportation systems.
The technology improves accuracy and reduces manual effort in many operations.
Most systems use data, algorithms, and computing power to achieve better results.
Beginners often learn the basic models before moving to advanced techniques.
Real-world applications include recommendation systems and predictive analytics.
The field continues to grow because organizations want faster and smarter solutions.
Developers also focus on improving efficiency, reliability, and scalability.
Ethical use and responsible development are important considerations in this area.
Understanding Natural Language Processing helps beginners build stronger knowledge in modern AI systems.","translation, language model, text analysis, sentiment analysis, NLP, chatbots"
201,How does Artificial Intelligence improve decision-making in complex systems?,"It is an advanced concept used in modern intelligent systems.
It helps organizations process and analyze complex information.
The technology uses algorithms to identify patterns in data.
Large datasets are required for better accuracy and performance.
It improves efficiency by reducing manual decision-making.
Many industries use it for automation and predictive analysis.
The system can continuously improve through training processes.
Researchers focus on making these systems more scalable.
It also introduces challenges such as privacy and bias.
Learning this topic helps students understand modern AI solutions.","systems, automation, AI, data, algorithms, prediction"
202,What are the advanced challenges in Machine Learning implementation?,"It is widely used in advanced computing applications today.
The concept allows machines to solve difficult real-world problems.
It depends on high-quality data for accurate output generation.
Optimization methods are important for improving performance.
It supports businesses in making faster and smarter decisions.
The technology is commonly used in healthcare and finance.
Automation features help reduce repetitive human effort.
Experts work on improving reliability and transparency.
Ethical concerns must also be considered during development.
The field continues to grow with new innovations every year.","models, training, data, machine learning, accuracy, analytics"
203,How does Deep Learning handle large-scale data processing?,"This topic is important in modern artificial intelligence research.
It enables systems to learn from large amounts of information.
Algorithms play a major role in solving complex tasks.
The technology helps improve speed and operational efficiency.
Many businesses rely on it for data-driven decision-making.
Training models require computational power and quality datasets.
It can identify hidden patterns that humans may overlook.
Security and fairness are important challenges in implementation.
The field supports innovation across multiple industries.
Understanding this concept is valuable for future AI careers.","neurons, deep learning, training, patterns, optimization, layers"
204,Explain the role of optimization techniques in Natural Language Processing.,"It is an advanced concept used in modern intelligent systems.
It helps organizations process and analyze complex information.
The technology uses algorithms to identify patterns in data.
Large datasets are required for better accuracy and performance.
It improves efficiency by reducing manual decision-making.
Many industries use it for automation and predictive analysis.
The system can continuously improve through training processes.
Researchers focus on making these systems more scalable.
It also introduces challenges such as privacy and bias.
Learning this topic helps students understand modern AI solutions.","chatbot, text, language, translation, NLP, speech"
205,How does Neural Networks support predictive analytics?,"It is widely used in advanced computing applications today.
The concept allows machines to solve difficult real-world problems.
It depends on high-quality data for accurate output generation.
Optimization methods are important for improving performance.
It supports businesses in making faster and smarter decisions.
The technology is commonly used in healthcare and finance.
Automation features help reduce repetitive human effort.
Experts work on improving reliability and transparency.
Ethical concerns must also be considered during development.
The field continues to grow with new innovations every year.","layers, AI, weights, activation, neural network, learning"
206,What are the risks associated with Data Science systems?,"This topic is important in modern artificial intelligence research.
It enables systems to learn from large amounts of information.
Algorithms play a major role in solving complex tasks.
The technology helps improve speed and operational efficiency.
Many businesses rely on it for data-driven decision-making.
Training models require computational power and quality datasets.
It can identify hidden patterns that humans may overlook.
Security and fairness are important challenges in implementation.
The field supports innovation across multiple industries.
Understanding this concept is valuable for future AI careers.","data science, analysis, visualization, datasets, insights, statistics"
207,How does Generative AI improve automation in industries?,"It is an advanced concept used in modern intelligent systems.
It helps organizations process and analyze complex information.
The technology uses algorithms to identify patterns in data.
Large datasets are required for better accuracy and performance.
It improves efficiency by reducing manual decision-making.
Many industries use it for automation and predictive analysis.
The system can continuously improve through training processes.
Researchers focus on making these systems more scalable.
It also introduces challenges such as privacy and bias.
Learning this topic helps students understand modern AI solutions.","text, creativity, content, models, generative AI, automation"
208,Explain the importance of scalability in AI Ethics.,"It is widely used in advanced computing applications today.
The concept allows machines to solve difficult real-world problems.
It depends on high-quality data for accurate output generation.
Optimization methods are important for improving performance.
It supports businesses in making faster and smarter decisions.
The technology is commonly used in healthcare and finance.
Automation features help reduce repetitive human effort.
Experts work on improving reliability and transparency.
Ethical concerns must also be considered during development.
The field continues to grow with new innovations every year.","fairness, AI ethics, bias, trust, privacy, security"
209,How does Automation contribute to intelligent applications?,"This topic is important in modern artificial intelligence research.
It enables systems to learn from large amounts of information.
Algorithms play a major role in solving complex tasks.
The technology helps improve speed and operational efficiency.
Many businesses rely on it for data-driven decision-making.
Training models require computational power and quality datasets.
It can identify hidden patterns that humans may overlook.
Security and fairness are important challenges in implementation.
The field supports innovation across multiple industries.
Understanding this concept is valuable for future AI careers.","tasks, automation, robots, systems, efficiency, workflow"
210,What are the future trends of Computer Vision technologies?,"It is an advanced concept used in modern intelligent systems.
It helps organizations process and analyze complex information.
The technology uses algorithms to identify patterns in data.
Large datasets are required for better accuracy and performance.
It improves efficiency by reducing manual decision-making.
Many industries use it for automation and predictive analysis.
The system can continuously improve through training processes.
Researchers focus on making these systems more scalable.
It also introduces challenges such as privacy and bias.
Learning this topic helps students understand modern AI solutions.","camera, computer vision, recognition, video, detection, images"
211,How does Python for AI improve decision-making in complex systems?,"It is widely used in advanced computing applications today.
The concept allows machines to solve difficult real-world problems.
It depends on high-quality data for accurate output generation.
Optimization methods are important for improving performance.
It supports businesses in making faster and smarter decisions.
The technology is commonly used in healthcare and finance.
Automation features help reduce repetitive human effort.
Experts work on improving reliability and transparency.
Ethical concerns must also be considered during development.
The field continues to grow with new innovations every year.","Python, automation, programming, coding, libraries, AI"
212,What are the advanced challenges in AI Applications implementation?,"This topic is important in modern artificial intelligence research.
It enables systems to learn from large amounts of information.
Algorithms play a major role in solving complex tasks.
The technology helps improve speed and operational efficiency.
Many businesses rely on it for data-driven decision-making.
Training models require computational power and quality datasets.
It can identify hidden patterns that humans may overlook.
Security and fairness are important challenges in implementation.
The field supports innovation across multiple industries.
Understanding this concept is valuable for future AI careers.","healthcare, AI applications, education, finance, business, industry"
213,How does Artificial Intelligence handle large-scale data processing?,"It is an advanced concept used in modern intelligent systems.
It helps organizations process and analyze complex information.
The technology uses algorithms to identify patterns in data.
Large datasets are required for better accuracy and performance.
It improves efficiency by reducing manual decision-making.
Many industries use it for automation and predictive analysis.
The system can continuously improve through training processes.
Researchers focus on making these systems more scalable.
It also introduces challenges such as privacy and bias.
Learning this topic helps students understand modern AI solutions.","data, systems, algorithms, prediction, automation, AI"
214,Explain the role of optimization techniques in Machine Learning.,"It is widely used in advanced computing applications today.
The concept allows machines to solve difficult real-world problems.
It depends on high-quality data for accurate output generation.
Optimization methods are important for improving performance.
It supports businesses in making faster and smarter decisions.
The technology is commonly used in healthcare and finance.
Automation features help reduce repetitive human effort.
Experts work on improving reliability and transparency.
Ethical concerns must also be considered during development.
The field continues to grow with new innovations every year.","training, machine learning, data, analytics, accuracy, models"
215,How does Deep Learning support predictive analytics?,"This topic is important in modern artificial intelligence research.
It enables systems to learn from large amounts of information.
Algorithms play a major role in solving complex tasks.
The technology helps improve speed and operational efficiency.
Many businesses rely on it for data-driven decision-making.
Training models require computational power and quality datasets.
It can identify hidden patterns that humans may overlook.
Security and fairness are important challenges in implementation.
The field supports innovation across multiple industries.
Understanding this concept is valuable for future AI careers.","patterns, deep learning, neurons, layers, optimization, training"
216,What are the risks associated with Natural Language Processing systems?,"It is an advanced concept used in modern intelligent systems.
It helps organizations process and analyze complex information.
The technology uses algorithms to identify patterns in data.
Large datasets are required for better accuracy and performance.
It improves efficiency by reducing manual decision-making.
Many industries use it for automation and predictive analysis.
The system can continuously improve through training processes.
Researchers focus on making these systems more scalable.
It also introduces challenges such as privacy and bias.
Learning this topic helps students understand modern AI solutions.","speech, chatbot, text, NLP, language, translation"
217,How does Neural Networks improve automation in industries?,"It is widely used in advanced computing applications today.
The concept allows machines to solve difficult real-world problems.
It depends on high-quality data for accurate output generation.
Optimization methods are important for improving performance.
It supports businesses in making faster and smarter decisions.
The technology is commonly used in healthcare and finance.
Automation features help reduce repetitive human effort.
Experts work on improving reliability and transparency.
Ethical concerns must also be considered during development.
The field continues to grow with new innovations every year.","activation, weights, neural network, layers, learning, AI"
218,Explain the importance of scalability in Data Science.,"This topic is important in modern artificial intelligence research.
It enables systems to learn from large amounts of information.
Algorithms play a major role in solving complex tasks.
The technology helps improve speed and operational efficiency.
Many businesses rely on it for data-driven decision-making.
Training models require computational power and quality datasets.
It can identify hidden patterns that humans may overlook.
Security and fairness are important challenges in implementation.
The field supports innovation across multiple industries.
Understanding this concept is valuable for future AI careers.","analysis, visualization, datasets, data science, statistics, insights"
219,How does Generative AI contribute to intelligent applications?,"It is an advanced concept used in modern intelligent systems.
It helps organizations process and analyze complex information.
The technology uses algorithms to identify patterns in data.
Large datasets are required for better accuracy and performance.
It improves efficiency by reducing manual decision-making.
Many industries use it for automation and predictive analysis.
The system can continuously improve through training processes.
Researchers focus on making these systems more scalable.
It also introduces challenges such as privacy and bias.
Learning this topic helps students understand modern AI solutions.","content, text, generative AI, automation, models, creativity"
220,What are the future trends of AI Ethics technologies?,"It is widely used in advanced computing applications today.
The concept allows machines to solve difficult real-world problems.
It depends on high-quality data for accurate output generation.
Optimization methods are important for improving performance.
It supports businesses in making faster and smarter decisions.
The technology is commonly used in healthcare and finance.
Automation features help reduce repetitive human effort.
Experts work on improving reliability and transparency.
Ethical concerns must also be considered during development.
The field continues to grow with new innovations every year.","privacy, security, fairness, bias, AI ethics, trust"
221,How does Automation improve decision-making in complex systems?,"This topic is important in modern artificial intelligence research.
It enables systems to learn from large amounts of information.
Algorithms play a major role in solving complex tasks.
The technology helps improve speed and operational efficiency.
Many businesses rely on it for data-driven decision-making.
Training models require computational power and quality datasets.
It can identify hidden patterns that humans may overlook.
Security and fairness are important challenges in implementation.
The field supports innovation across multiple industries.
Understanding this concept is valuable for future AI careers.","workflow, tasks, automation, efficiency, systems, robots"
222,What are the advanced challenges in Computer Vision implementation?,"It is an advanced concept used in modern intelligent systems.
It helps organizations process and analyze complex information.
The technology uses algorithms to identify patterns in data.
Large datasets are required for better accuracy and performance.
It improves efficiency by reducing manual decision-making.
Many industries use it for automation and predictive analysis.
The system can continuously improve through training processes.
Researchers focus on making these systems more scalable.
It also introduces challenges such as privacy and bias.
Learning this topic helps students understand modern AI solutions.","camera, computer vision, recognition, images, video, detection"
223,How does Python for AI handle large-scale data processing?,"It is widely used in advanced computing applications today.
The concept allows machines to solve difficult real-world problems.
It depends on high-quality data for accurate output generation.
Optimization methods are important for improving performance.
It supports businesses in making faster and smarter decisions.
The technology is commonly used in healthcare and finance.
Automation features help reduce repetitive human effort.
Experts work on improving reliability and transparency.
Ethical concerns must also be considered during development.
The field continues to grow with new innovations every year.","automation, AI, programming, libraries, coding, Python"
224,Explain the role of optimization techniques in AI Applications.,"This topic is important in modern artificial intelligence research.
It enables systems to learn from large amounts of information.
Algorithms play a major role in solving complex tasks.
The technology helps improve speed and operational efficiency.
Many businesses rely on it for data-driven decision-making.
Training models require computational power and quality datasets.
It can identify hidden patterns that humans may overlook.
Security and fairness are important challenges in implementation.
The field supports innovation across multiple industries.
Understanding this concept is valuable for future AI careers.","business, healthcare, AI applications, education, finance, industry"
225,How does Artificial Intelligence support predictive analytics?,"It is an advanced concept used in modern intelligent systems.
It helps organizations process and analyze complex information.
The technology uses algorithms to identify patterns in data.
Large datasets are required for better accuracy and performance.
It improves efficiency by reducing manual decision-making.
Many industries use it for automation and predictive analysis.
The system can continuously improve through training processes.
Researchers focus on making these systems more scalable.
It also introduces challenges such as privacy and bias.
Learning this topic helps students understand modern AI solutions.","AI, algorithms, prediction, automation, systems, data"
226,What are the risks associated with Machine Learning systems?,"It is widely used in advanced computing applications today.
The concept allows machines to solve difficult real-world problems.
It depends on high-quality data for accurate output generation.
Optimization methods are important for improving performance.
It supports businesses in making faster and smarter decisions.
The technology is commonly used in healthcare and finance.
Automation features help reduce repetitive human effort.
Experts work on improving reliability and transparency.
Ethical concerns must also be considered during development.
The field continues to grow with new innovations every year.","data, machine learning, accuracy, models, analytics, training"
227,How does Deep Learning improve automation in industries?,"This topic is important in modern artificial intelligence research.
It enables systems to learn from large amounts of information.
Algorithms play a major role in solving complex tasks.
The technology helps improve speed and operational efficiency.
Many businesses rely on it for data-driven decision-making.
Training models require computational power and quality datasets.
It can identify hidden patterns that humans may overlook.
Security and fairness are important challenges in implementation.
The field supports innovation across multiple industries.
Understanding this concept is valuable for future AI careers.","training, optimization, layers, deep learning, neurons, patterns"
228,Explain the importance of scalability in Natural Language Processing.,"It is an advanced concept used in modern intelligent systems.
It helps organizations process and analyze complex information.
The technology uses algorithms to identify patterns in data.
Large datasets are required for better accuracy and performance.
It improves efficiency by reducing manual decision-making.
Many industries use it for automation and predictive analysis.
The system can continuously improve through training processes.
Researchers focus on making these systems more scalable.
It also introduces challenges such as privacy and bias.
Learning this topic helps students understand modern AI solutions.","text, language, speech, chatbot, NLP, translation"
229,How does Neural Networks contribute to intelligent applications?,"It is widely used in advanced computing applications today.
The concept allows machines to solve difficult real-world problems.
It depends on high-quality data for accurate output generation.
Optimization methods are important for improving performance.
It supports businesses in making faster and smarter decisions.
The technology is commonly used in healthcare and finance.
Automation features help reduce repetitive human effort.
Experts work on improving reliability and transparency.
Ethical concerns must also be considered during development.
The field continues to grow with new innovations every year.","AI, layers, learning, neural network, activation, weights"
230,What are the future trends of Data Science technologies?,"This topic is important in modern artificial intelligence research.
It enables systems to learn from large amounts of information.
Algorithms play a major role in solving complex tasks.
The technology helps improve speed and operational efficiency.
Many businesses rely on it for data-driven decision-making.
Training models require computational power and quality datasets.
It can identify hidden patterns that humans may overlook.
Security and fairness are important challenges in implementation.
The field supports innovation across multiple industries.
Understanding this concept is valuable for future AI careers.","datasets, data science, insights, analysis, visualization, statistics"
231,How does Generative AI improve decision-making in complex systems?,"It is an advanced concept used in modern intelligent systems.
It helps organizations process and analyze complex information.
The technology uses algorithms to identify patterns in data.
Large datasets are required for better accuracy and performance.
It improves efficiency by reducing manual decision-making.
Many industries use it for automation and predictive analysis.
The system can continuously improve through training processes.
Researchers focus on making these systems more scalable.
It also introduces challenges such as privacy and bias.
Learning this topic helps students understand modern AI solutions.","generative AI, text, models, automation, content, creativity"
232,What are the advanced challenges in AI Ethics implementation?,"It is widely used in advanced computing applications today.
The concept allows machines to solve difficult real-world problems.
It depends on high-quality data for accurate output generation.
Optimization methods are important for improving performance.
It supports businesses in making faster and smarter decisions.
The technology is commonly used in healthcare and finance.
Automation features help reduce repetitive human effort.
Experts work on improving reliability and transparency.
Ethical concerns must also be considered during development.
The field continues to grow with new innovations every year.","privacy, security, bias, AI ethics, fairness, trust"
233,How does Automation handle large-scale data processing?,"This topic is important in modern artificial intelligence research.
It enables systems to learn from large amounts of information.
Algorithms play a major role in solving complex tasks.
The technology helps improve speed and operational efficiency.
Many businesses rely on it for data-driven decision-making.
Training models require computational power and quality datasets.
It can identify hidden patterns that humans may overlook.
Security and fairness are important challenges in implementation.
The field supports innovation across multiple industries.
Understanding this concept is valuable for future AI careers.","systems, tasks, workflow, automation, efficiency, robots"
234,Explain the role of optimization techniques in Computer Vision.,"It is an advanced concept used in modern intelligent systems.
It helps organizations process and analyze complex information.
The technology uses algorithms to identify patterns in data.
Large datasets are required for better accuracy and performance.
It improves efficiency by reducing manual decision-making.
Many industries use it for automation and predictive analysis.
The system can continuously improve through training processes.
Researchers focus on making these systems more scalable.
It also introduces challenges such as privacy and bias.
Learning this topic helps students understand modern AI solutions.","recognition, images, detection, computer vision, camera, video"
235,How does Python for AI support predictive analytics?,"It is widely used in advanced computing applications today.
The concept allows machines to solve difficult real-world problems.
It depends on high-quality data for accurate output generation.
Optimization methods are important for improving performance.
It supports businesses in making faster and smarter decisions.
The technology is commonly used in healthcare and finance.
Automation features help reduce repetitive human effort.
Experts work on improving reliability and transparency.
Ethical concerns must also be considered during development.
The field continues to grow with new innovations every year.","libraries, AI, programming, Python, coding, automation"
236,What are the risks associated with AI Applications systems?,"This topic is important in modern artificial intelligence research.
It enables systems to learn from large amounts of information.
Algorithms play a major role in solving complex tasks.
The technology helps improve speed and operational efficiency.
Many businesses rely on it for data-driven decision-making.
Training models require computational power and quality datasets.
It can identify hidden patterns that humans may overlook.
Security and fairness are important challenges in implementation.
The field supports innovation across multiple industries.
Understanding this concept is valuable for future AI careers.","education, healthcare, AI applications, industry, business, finance"
237,How does Artificial Intelligence improve automation in industries?,"It is an advanced concept used in modern intelligent systems.
It helps organizations process and analyze complex information.
The technology uses algorithms to identify patterns in data.
Large datasets are required for better accuracy and performance.
It improves efficiency by reducing manual decision-making.
Many industries use it for automation and predictive analysis.
The system can continuously improve through training processes.
Researchers focus on making these systems more scalable.
It also introduces challenges such as privacy and bias.
Learning this topic helps students understand modern AI solutions.","prediction, AI, algorithms, systems, data, automation"
238,Explain the importance of scalability in Machine Learning.,"It is widely used in advanced computing applications today.
The concept allows machines to solve difficult real-world problems.
It depends on high-quality data for accurate output generation.
Optimization methods are important for improving performance.
It supports businesses in making faster and smarter decisions.
The technology is commonly used in healthcare and finance.
Automation features help reduce repetitive human effort.
Experts work on improving reliability and transparency.
Ethical concerns must also be considered during development.
The field continues to grow with new innovations every year.","models, accuracy, data, machine learning, analytics, training"
239,How does Deep Learning contribute to intelligent applications?,"This topic is important in modern artificial intelligence research.
It enables systems to learn from large amounts of information.
Algorithms play a major role in solving complex tasks.
The technology helps improve speed and operational efficiency.
Many businesses rely on it for data-driven decision-making.
Training models require computational power and quality datasets.
It can identify hidden patterns that humans may overlook.
Security and fairness are important challenges in implementation.
The field supports innovation across multiple industries.
Understanding this concept is valuable for future AI careers.","patterns, layers, neurons, training, deep learning, optimization"
240,What are the future trends of Natural Language Processing technologies?,"It is an advanced concept used in modern intelligent systems.
It helps organizations process and analyze complex information.
The technology uses algorithms to identify patterns in data.
Large datasets are required for better accuracy and performance.
It improves efficiency by reducing manual decision-making.
Many industries use it for automation and predictive analysis.
The system can continuously improve through training processes.
Researchers focus on making these systems more scalable.
It also introduces challenges such as privacy and bias.
Learning this topic helps students understand modern AI solutions.","text, language, chatbot, speech, NLP, translation"
241,How does Neural Networks improve decision-making in complex systems?,"It is widely used in advanced computing applications today.
The concept allows machines to solve difficult real-world problems.
It depends on high-quality data for accurate output generation.
Optimization methods are important for improving performance.
It supports businesses in making faster and smarter decisions.
The technology is commonly used in healthcare and finance.
Automation features help reduce repetitive human effort.
Experts work on improving reliability and transparency.
Ethical concerns must also be considered during development.
The field continues to grow with new innovations every year.","weights, activation, neural network, learning, AI, layers"
242,What are the advanced challenges in Data Science implementation?,"This topic is important in modern artificial intelligence research.
It enables systems to learn from large amounts of information.
Algorithms play a major role in solving complex tasks.
The technology helps improve speed and operational efficiency.
Many businesses rely on it for data-driven decision-making.
Training models require computational power and quality datasets.
It can identify hidden patterns that humans may overlook.
Security and fairness are important challenges in implementation.
The field supports innovation across multiple industries.
Understanding this concept is valuable for future AI careers.","data science, insights, visualization, analysis, statistics, datasets"
243,How does Generative AI handle large-scale data processing?,"It is an advanced concept used in modern intelligent systems.
It helps organizations process and analyze complex information.
The technology uses algorithms to identify patterns in data.
Large datasets are required for better accuracy and performance.
It improves efficiency by reducing manual decision-making.
Many industries use it for automation and predictive analysis.
The system can continuously improve through training processes.
Researchers focus on making these systems more scalable.
It also introduces challenges such as privacy and bias.
Learning this topic helps students understand modern AI solutions.","text, generative AI, models, creativity, content, automation"
244,Explain the role of optimization techniques in AI Ethics.,"It is widely used in advanced computing applications today.
The concept allows machines to solve difficult real-world problems.
It depends on high-quality data for accurate output generation.
Optimization methods are important for improving performance.
It supports businesses in making faster and smarter decisions.
The technology is commonly used in healthcare and finance.
Automation features help reduce repetitive human effort.
Experts work on improving reliability and transparency.
Ethical concerns must also be considered during development.
The field continues to grow with new innovations every year.","trust, privacy, bias, security, fairness, AI ethics"
245,How does Automation support predictive analytics?,"This topic is important in modern artificial intelligence research.
It enables systems to learn from large amounts of information.
Algorithms play a major role in solving complex tasks.
The technology helps improve speed and operational efficiency.
Many businesses rely on it for data-driven decision-making.
Training models require computational power and quality datasets.
It can identify hidden patterns that humans may overlook.
Security and fairness are important challenges in implementation.
The field supports innovation across multiple industries.
Understanding this concept is valuable for future AI careers.","systems, robots, efficiency, workflow, tasks, automation"
246,What are the risks associated with Computer Vision systems?,"It is an advanced concept used in modern intelligent systems.
It helps organizations process and analyze complex information.
The technology uses algorithms to identify patterns in data.
Large datasets are required for better accuracy and performance.
It improves efficiency by reducing manual decision-making.
Many industries use it for automation and predictive analysis.
The system can continuously improve through training processes.
Researchers focus on making these systems more scalable.
It also introduces challenges such as privacy and bias.
Learning this topic helps students understand modern AI solutions.","images, camera, video, recognition, detection, computer vision"
247,How does Python for AI improve automation in industries?,"It is widely used in advanced computing applications today.
The concept allows machines to solve difficult real-world problems.
It depends on high-quality data for accurate output generation.
Optimization methods are important for improving performance.
It supports businesses in making faster and smarter decisions.
The technology is commonly used in healthcare and finance.
Automation features help reduce repetitive human effort.
Experts work on improving reliability and transparency.
Ethical concerns must also be considered during development.
The field continues to grow with new innovations every year.","Python, programming, AI, libraries, coding, automation"
248,Explain the importance of scalability in AI Applications.,"This topic is important in modern artificial intelligence research.
It enables systems to learn from large amounts of information.
Algorithms play a major role in solving complex tasks.
The technology helps improve speed and operational efficiency.
Many businesses rely on it for data-driven decision-making.
Training models require computational power and quality datasets.
It can identify hidden patterns that humans may overlook.
Security and fairness are important challenges in implementation.
The field supports innovation across multiple industries.
Understanding this concept is valuable for future AI careers.","industry, business, finance, AI applications, education, healthcare"
249,How does Artificial Intelligence contribute to intelligent applications?,"It is an advanced concept used in modern intelligent systems.
It helps organizations process and analyze complex information.
The technology uses algorithms to identify patterns in data.
Large datasets are required for better accuracy and performance.
It improves efficiency by reducing manual decision-making.
Many industries use it for automation and predictive analysis.
The system can continuously improve through training processes.
Researchers focus on making these systems more scalable.
It also introduces challenges such as privacy and bias.
Learning this topic helps students understand modern AI solutions.","data, automation, systems, algorithms, AI, prediction"
250,What are the future trends of Machine Learning technologies?,"It is widely used in advanced computing applications today.
The concept allows machines to solve difficult real-world problems.
It depends on high-quality data for accurate output generation.
Optimization methods are important for improving performance.
It supports businesses in making faster and smarter decisions.
The technology is commonly used in healthcare and finance.
Automation features help reduce repetitive human effort.
Experts work on improving reliability and transparency.
Ethical concerns must also be considered during development.
The field continues to grow with new innovations every year.","data, models, accuracy, machine learning, analytics, training"
251,How does Deep Learning improve decision-making in complex systems?,"This topic is important in modern artificial intelligence research.
It enables systems to learn from large amounts of information.
Algorithms play a major role in solving complex tasks.
The technology helps improve speed and operational efficiency.
Many businesses rely on it for data-driven decision-making.
Training models require computational power and quality datasets.
It can identify hidden patterns that humans may overlook.
Security and fairness are important challenges in implementation.
The field supports innovation across multiple industries.
Understanding this concept is valuable for future AI careers.","patterns, layers, deep learning, neurons, training, optimization"
252,What are the advanced challenges in Natural Language Processing implementation?,"It is an advanced concept used in modern intelligent systems.
It helps organizations process and analyze complex information.
The technology uses algorithms to identify patterns in data.
Large datasets are required for better accuracy and performance.
It improves efficiency by reducing manual decision-making.
Many industries use it for automation and predictive analysis.
The system can continuously improve through training processes.
Researchers focus on making these systems more scalable.
It also introduces challenges such as privacy and bias.
Learning this topic helps students understand modern AI solutions.","chatbot, NLP, text, language, translation, speech"
253,How does Neural Networks handle large-scale data processing?,"It is widely used in advanced computing applications today.
The concept allows machines to solve difficult real-world problems.
It depends on high-quality data for accurate output generation.
Optimization methods are important for improving performance.
It supports businesses in making faster and smarter decisions.
The technology is commonly used in healthcare and finance.
Automation features help reduce repetitive human effort.
Experts work on improving reliability and transparency.
Ethical concerns must also be considered during development.
The field continues to grow with new innovations every year.","weights, layers, neural network, learning, activation, AI"
254,Explain the role of optimization techniques in Data Science.,"This topic is important in modern artificial intelligence research.
It enables systems to learn from large amounts of information.
Algorithms play a major role in solving complex tasks.
The technology helps improve speed and operational efficiency.
Many businesses rely on it for data-driven decision-making.
Training models require computational power and quality datasets.
It can identify hidden patterns that humans may overlook.
Security and fairness are important challenges in implementation.
The field supports innovation across multiple industries.
Understanding this concept is valuable for future AI careers.","insights, visualization, statistics, data science, analysis, datasets"
255,How does Generative AI support predictive analytics?,"It is an advanced concept used in modern intelligent systems.
It helps organizations process and analyze complex information.
The technology uses algorithms to identify patterns in data.
Large datasets are required for better accuracy and performance.
It improves efficiency by reducing manual decision-making.
Many industries use it for automation and predictive analysis.
The system can continuously improve through training processes.
Researchers focus on making these systems more scalable.
It also introduces challenges such as privacy and bias.
Learning this topic helps students understand modern AI solutions.","content, generative AI, text, automation, models, creativity"
256,What are the risks associated with AI Ethics systems?,"It is widely used in advanced computing applications today.
The concept allows machines to solve difficult real-world problems.
It depends on high-quality data for accurate output generation.
Optimization methods are important for improving performance.
It supports businesses in making faster and smarter decisions.
The technology is commonly used in healthcare and finance.
Automation features help reduce repetitive human effort.
Experts work on improving reliability and transparency.
Ethical concerns must also be considered during development.
The field continues to grow with new innovations every year.","fairness, AI ethics, bias, privacy, security, trust"
257,How does Automation improve automation in industries?,"This topic is important in modern artificial intelligence research.
It enables systems to learn from large amounts of information.
Algorithms play a major role in solving complex tasks.
The technology helps improve speed and operational efficiency.
Many businesses rely on it for data-driven decision-making.
Training models require computational power and quality datasets.
It can identify hidden patterns that humans may overlook.
Security and fairness are important challenges in implementation.
The field supports innovation across multiple industries.
Understanding this concept is valuable for future AI careers.","automation, robots, tasks, workflow, systems, efficiency"
258,Explain the importance of scalability in Computer Vision.,"It is an advanced concept used in modern intelligent systems.
It helps organizations process and analyze complex information.
The technology uses algorithms to identify patterns in data.
Large datasets are required for better accuracy and performance.
It improves efficiency by reducing manual decision-making.
Many industries use it for automation and predictive analysis.
The system can continuously improve through training processes.
Researchers focus on making these systems more scalable.
It also introduces challenges such as privacy and bias.
Learning this topic helps students understand modern AI solutions.","computer vision, detection, recognition, images, video, camera"
259,How does Python for AI contribute to intelligent applications?,"It is widely used in advanced computing applications today.
The concept allows machines to solve difficult real-world problems.
It depends on high-quality data for accurate output generation.
Optimization methods are important for improving performance.
It supports businesses in making faster and smarter decisions.
The technology is commonly used in healthcare and finance.
Automation features help reduce repetitive human effort.
Experts work on improving reliability and transparency.
Ethical concerns must also be considered during development.
The field continues to grow with new innovations every year.","AI, Python, coding, automation, programming, libraries"
260,What are the future trends of AI Applications technologies?,"This topic is important in modern artificial intelligence research.
It enables systems to learn from large amounts of information.
Algorithms play a major role in solving complex tasks.
The technology helps improve speed and operational efficiency.
Many businesses rely on it for data-driven decision-making.
Training models require computational power and quality datasets.
It can identify hidden patterns that humans may overlook.
Security and fairness are important challenges in implementation.
The field supports innovation across multiple industries.
Understanding this concept is valuable for future AI careers.","industry, education, business, finance, AI applications, healthcare"
261,How does Artificial Intelligence improve decision-making in complex systems?,"It is an advanced concept used in modern intelligent systems.
It helps organizations process and analyze complex information.
The technology uses algorithms to identify patterns in data.
Large datasets are required for better accuracy and performance.
It improves efficiency by reducing manual decision-making.
Many industries use it for automation and predictive analysis.
The system can continuously improve through training processes.
Researchers focus on making these systems more scalable.
It also introduces challenges such as privacy and bias.
Learning this topic helps students understand modern AI solutions.","data, systems, prediction, automation, algorithms, AI"
262,What are the advanced challenges in Machine Learning implementation?,"It is widely used in advanced computing applications today.
The concept allows machines to solve difficult real-world problems.
It depends on high-quality data for accurate output generation.
Optimization methods are important for improving performance.
It supports businesses in making faster and smarter decisions.
The technology is commonly used in healthcare and finance.
Automation features help reduce repetitive human effort.
Experts work on improving reliability and transparency.
Ethical concerns must also be considered during development.
The field continues to grow with new innovations every year.","machine learning, data, models, training, accuracy, analytics"
263,How does Deep Learning handle large-scale data processing?,"This topic is important in modern artificial intelligence research.
It enables systems to learn from large amounts of information.
Algorithms play a major role in solving complex tasks.
The technology helps improve speed and operational efficiency.
Many businesses rely on it for data-driven decision-making.
Training models require computational power and quality datasets.
It can identify hidden patterns that humans may overlook.
Security and fairness are important challenges in implementation.
The field supports innovation across multiple industries.
Understanding this concept is valuable for future AI careers.","optimization, neurons, patterns, layers, training, deep learning"
264,Explain the role of optimization techniques in Natural Language Processing.,"It is an advanced concept used in modern intelligent systems.
It helps organizations process and analyze complex information.
The technology uses algorithms to identify patterns in data.
Large datasets are required for better accuracy and performance.
It improves efficiency by reducing manual decision-making.
Many industries use it for automation and predictive analysis.
The system can continuously improve through training processes.
Researchers focus on making these systems more scalable.
It also introduces challenges such as privacy and bias.
Learning this topic helps students understand modern AI solutions.","chatbot, language, speech, NLP, text, translation"
265,How does Neural Networks support predictive analytics?,"It is widely used in advanced computing applications today.
The concept allows machines to solve difficult real-world problems.
It depends on high-quality data for accurate output generation.
Optimization methods are important for improving performance.
It supports businesses in making faster and smarter decisions.
The technology is commonly used in healthcare and finance.
Automation features help reduce repetitive human effort.
Experts work on improving reliability and transparency.
Ethical concerns must also be considered during development.
The field continues to grow with new innovations every year.","activation, weights, AI, neural network, learning, layers"
266,What are the risks associated with Data Science systems?,"This topic is important in modern artificial intelligence research.
It enables systems to learn from large amounts of information.
Algorithms play a major role in solving complex tasks.
The technology helps improve speed and operational efficiency.
Many businesses rely on it for data-driven decision-making.
Training models require computational power and quality datasets.
It can identify hidden patterns that humans may overlook.
Security and fairness are important challenges in implementation.
The field supports innovation across multiple industries.
Understanding this concept is valuable for future AI careers.","visualization, datasets, statistics, analysis, data science, insights"
267,How does Generative AI improve automation in industries?,"It is an advanced concept used in modern intelligent systems.
It helps organizations process and analyze complex information.
The technology uses algorithms to identify patterns in data.
Large datasets are required for better accuracy and performance.
It improves efficiency by reducing manual decision-making.
Many industries use it for automation and predictive analysis.
The system can continuously improve through training processes.
Researchers focus on making these systems more scalable.
It also introduces challenges such as privacy and bias.
Learning this topic helps students understand modern AI solutions.","creativity, text, models, content, generative AI, automation"
268,Explain the importance of scalability in AI Ethics.,"It is widely used in advanced computing applications today.
The concept allows machines to solve difficult real-world problems.
It depends on high-quality data for accurate output generation.
Optimization methods are important for improving performance.
It supports businesses in making faster and smarter decisions.
The technology is commonly used in healthcare and finance.
Automation features help reduce repetitive human effort.
Experts work on improving reliability and transparency.
Ethical concerns must also be considered during development.
The field continues to grow with new innovations every year.","privacy, bias, security, fairness, trust, AI ethics"
269,How does Automation contribute to intelligent applications?,"This topic is important in modern artificial intelligence research.
It enables systems to learn from large amounts of information.
Algorithms play a major role in solving complex tasks.
The technology helps improve speed and operational efficiency.
Many businesses rely on it for data-driven decision-making.
Training models require computational power and quality datasets.
It can identify hidden patterns that humans may overlook.
Security and fairness are important challenges in implementation.
The field supports innovation across multiple industries.
Understanding this concept is valuable for future AI careers.","tasks, robots, workflow, automation, efficiency, systems"
270,What are the future trends of Computer Vision technologies?,"It is an advanced concept used in modern intelligent systems.
It helps organizations process and analyze complex information.
The technology uses algorithms to identify patterns in data.
Large datasets are required for better accuracy and performance.
It improves efficiency by reducing manual decision-making.
Many industries use it for automation and predictive analysis.
The system can continuously improve through training processes.
Researchers focus on making these systems more scalable.
It also introduces challenges such as privacy and bias.
Learning this topic helps students understand modern AI solutions.","images, video, camera, detection, computer vision, recognition"
271,How does Python for AI improve decision-making in complex systems?,"It is widely used in advanced computing applications today.
The concept allows machines to solve difficult real-world problems.
It depends on high-quality data for accurate output generation.
Optimization methods are important for improving performance.
It supports businesses in making faster and smarter decisions.
The technology is commonly used in healthcare and finance.
Automation features help reduce repetitive human effort.
Experts work on improving reliability and transparency.
Ethical concerns must also be considered during development.
The field continues to grow with new innovations every year.","AI, libraries, coding, Python, automation, programming"
272,What are the advanced challenges in AI Applications implementation?,"This topic is important in modern artificial intelligence research.
It enables systems to learn from large amounts of information.
Algorithms play a major role in solving complex tasks.
The technology helps improve speed and operational efficiency.
Many businesses rely on it for data-driven decision-making.
Training models require computational power and quality datasets.
It can identify hidden patterns that humans may overlook.
Security and fairness are important challenges in implementation.
The field supports innovation across multiple industries.
Understanding this concept is valuable for future AI careers.","industry, education, healthcare, business, finance, AI applications"
273,How does Artificial Intelligence handle large-scale data processing?,"It is an advanced concept used in modern intelligent systems.
It helps organizations process and analyze complex information.
The technology uses algorithms to identify patterns in data.
Large datasets are required for better accuracy and performance.
It improves efficiency by reducing manual decision-making.
Many industries use it for automation and predictive analysis.
The system can continuously improve through training processes.
Researchers focus on making these systems more scalable.
It also introduces challenges such as privacy and bias.
Learning this topic helps students understand modern AI solutions.","algorithms, automation, data, systems, AI, prediction"
274,Explain the role of optimization techniques in Machine Learning.,"It is widely used in advanced computing applications today.
The concept allows machines to solve difficult real-world problems.
It depends on high-quality data for accurate output generation.
Optimization methods are important for improving performance.
It supports businesses in making faster and smarter decisions.
The technology is commonly used in healthcare and finance.
Automation features help reduce repetitive human effort.
Experts work on improving reliability and transparency.
Ethical concerns must also be considered during development.
The field continues to grow with new innovations every year.","data, machine learning, models, training, accuracy, analytics"
275,How does Deep Learning support predictive analytics?,"This topic is important in modern artificial intelligence research.
It enables systems to learn from large amounts of information.
Algorithms play a major role in solving complex tasks.
The technology helps improve speed and operational efficiency.
Many businesses rely on it for data-driven decision-making.
Training models require computational power and quality datasets.
It can identify hidden patterns that humans may overlook.
Security and fairness are important challenges in implementation.
The field supports innovation across multiple industries.
Understanding this concept is valuable for future AI careers.","optimization, patterns, neurons, layers, deep learning, training"
276,What are the risks associated with Natural Language Processing systems?,"It is an advanced concept used in modern intelligent systems.
It helps organizations process and analyze complex information.
The technology uses algorithms to identify patterns in data.
Large datasets are required for better accuracy and performance.
It improves efficiency by reducing manual decision-making.
Many industries use it for automation and predictive analysis.
The system can continuously improve through training processes.
Researchers focus on making these systems more scalable.
It also introduces challenges such as privacy and bias.
Learning this topic helps students understand modern AI solutions.","chatbot, NLP, speech, text, language, translation"
277,How does Neural Networks improve automation in industries?,"It is widely used in advanced computing applications today.
The concept allows machines to solve difficult real-world problems.
It depends on high-quality data for accurate output generation.
Optimization methods are important for improving performance.
It supports businesses in making faster and smarter decisions.
The technology is commonly used in healthcare and finance.
Automation features help reduce repetitive human effort.
Experts work on improving reliability and transparency.
Ethical concerns must also be considered during development.
The field continues to grow with new innovations every year.","weights, AI, activation, learning, layers, neural network"
278,Explain the importance of scalability in Data Science.,"This topic is important in modern artificial intelligence research.
It enables systems to learn from large amounts of information.
Algorithms play a major role in solving complex tasks.
The technology helps improve speed and operational efficiency.
Many businesses rely on it for data-driven decision-making.
Training models require computational power and quality datasets.
It can identify hidden patterns that humans may overlook.
Security and fairness are important challenges in implementation.
The field supports innovation across multiple industries.
Understanding this concept is valuable for future AI careers.","insights, visualization, data science, analysis, statistics, datasets"
279,How does Generative AI contribute to intelligent applications?,"It is an advanced concept used in modern intelligent systems.
It helps organizations process and analyze complex information.
The technology uses algorithms to identify patterns in data.
Large datasets are required for better accuracy and performance.
It improves efficiency by reducing manual decision-making.
Many industries use it for automation and predictive analysis.
The system can continuously improve through training processes.
Researchers focus on making these systems more scalable.
It also introduces challenges such as privacy and bias.
Learning this topic helps students understand modern AI solutions.","creativity, generative AI, content, models, automation, text"
280,What are the future trends of AI Ethics technologies?,"It is widely used in advanced computing applications today.
The concept allows machines to solve difficult real-world problems.
It depends on high-quality data for accurate output generation.
Optimization methods are important for improving performance.
It supports businesses in making faster and smarter decisions.
The technology is commonly used in healthcare and finance.
Automation features help reduce repetitive human effort.
Experts work on improving reliability and transparency.
Ethical concerns must also be considered during development.
The field continues to grow with new innovations every year.","privacy, fairness, bias, AI ethics, security, trust"
281,How does Automation improve decision-making in complex systems?,"This topic is important in modern artificial intelligence research.
It enables systems to learn from large amounts of information.
Algorithms play a major role in solving complex tasks.
The technology helps improve speed and operational efficiency.
Many businesses rely on it for data-driven decision-making.
Training models require computational power and quality datasets.
It can identify hidden patterns that humans may overlook.
Security and fairness are important challenges in implementation.
The field supports innovation across multiple industries.
Understanding this concept is valuable for future AI careers.","automation, robots, systems, workflow, efficiency, tasks"
282,What are the advanced challenges in Computer Vision implementation?,"It is an advanced concept used in modern intelligent systems.
It helps organizations process and analyze complex information.
The technology uses algorithms to identify patterns in data.
Large datasets are required for better accuracy and performance.
It improves efficiency by reducing manual decision-making.
Many industries use it for automation and predictive analysis.
The system can continuously improve through training processes.
Researchers focus on making these systems more scalable.
It also introduces challenges such as privacy and bias.
Learning this topic helps students understand modern AI solutions.","computer vision, camera, video, recognition, images, detection"
283,How does Python for AI handle large-scale data processing?,"It is widely used in advanced computing applications today.
The concept allows machines to solve difficult real-world problems.
It depends on high-quality data for accurate output generation.
Optimization methods are important for improving performance.
It supports businesses in making faster and smarter decisions.
The technology is commonly used in healthcare and finance.
Automation features help reduce repetitive human effort.
Experts work on improving reliability and transparency.
Ethical concerns must also be considered during development.
The field continues to grow with new innovations every year.","libraries, AI, automation, coding, Python, programming"
284,Explain the role of optimization techniques in AI Applications.,"This topic is important in modern artificial intelligence research.
It enables systems to learn from large amounts of information.
Algorithms play a major role in solving complex tasks.
The technology helps improve speed and operational efficiency.
Many businesses rely on it for data-driven decision-making.
Training models require computational power and quality datasets.
It can identify hidden patterns that humans may overlook.
Security and fairness are important challenges in implementation.
The field supports innovation across multiple industries.
Understanding this concept is valuable for future AI careers.","finance, industry, AI applications, business, education, healthcare"
285,How does Artificial Intelligence support predictive analytics?,"It is an advanced concept used in modern intelligent systems.
It helps organizations process and analyze complex information.
The technology uses algorithms to identify patterns in data.
Large datasets are required for better accuracy and performance.
It improves efficiency by reducing manual decision-making.
Many industries use it for automation and predictive analysis.
The system can continuously improve through training processes.
Researchers focus on making these systems more scalable.
It also introduces challenges such as privacy and bias.
Learning this topic helps students understand modern AI solutions.","automation, algorithms, prediction, systems, data, AI"
286,What are the risks associated with Machine Learning systems?,"It is widely used in advanced computing applications today.
The concept allows machines to solve difficult real-world problems.
It depends on high-quality data for accurate output generation.
Optimization methods are important for improving performance.
It supports businesses in making faster and smarter decisions.
The technology is commonly used in healthcare and finance.
Automation features help reduce repetitive human effort.
Experts work on improving reliability and transparency.
Ethical concerns must also be considered during development.
The field continues to grow with new innovations every year.","analytics, models, training, data, accuracy, machine learning"
287,How does Deep Learning improve automation in industries?,"This topic is important in modern artificial intelligence research.
It enables systems to learn from large amounts of information.
Algorithms play a major role in solving complex tasks.
The technology helps improve speed and operational efficiency.
Many businesses rely on it for data-driven decision-making.
Training models require computational power and quality datasets.
It can identify hidden patterns that humans may overlook.
Security and fairness are important challenges in implementation.
The field supports innovation across multiple industries.
Understanding this concept is valuable for future AI careers.","patterns, deep learning, layers, training, neurons, optimization"
288,Explain the importance of scalability in Natural Language Processing.,"It is an advanced concept used in modern intelligent systems.
It helps organizations process and analyze complex information.
The technology uses algorithms to identify patterns in data.
Large datasets are required for better accuracy and performance.
It improves efficiency by reducing manual decision-making.
Many industries use it for automation and predictive analysis.
The system can continuously improve through training processes.
Researchers focus on making these systems more scalable.
It also introduces challenges such as privacy and bias.
Learning this topic helps students understand modern AI solutions.","chatbot, speech, language, translation, text, NLP"
289,How does Neural Networks contribute to intelligent applications?,"It is widely used in advanced computing applications today.
The concept allows machines to solve difficult real-world problems.
It depends on high-quality data for accurate output generation.
Optimization methods are important for improving performance.
It supports businesses in making faster and smarter decisions.
The technology is commonly used in healthcare and finance.
Automation features help reduce repetitive human effort.
Experts work on improving reliability and transparency.
Ethical concerns must also be considered during development.
The field continues to grow with new innovations every year.","AI, neural network, weights, learning, layers, activation"
290,What are the future trends of Data Science technologies?,"This topic is important in modern artificial intelligence research.
It enables systems to learn from large amounts of information.
Algorithms play a major role in solving complex tasks.
The technology helps improve speed and operational efficiency.
Many businesses rely on it for data-driven decision-making.
Training models require computational power and quality datasets.
It can identify hidden patterns that humans may overlook.
Security and fairness are important challenges in implementation.
The field supports innovation across multiple industries.
Understanding this concept is valuable for future AI careers.","visualization, datasets, statistics, insights, analysis, data science"
291,How does Generative AI improve decision-making in complex systems?,"It is an advanced concept used in modern intelligent systems.
It helps organizations process and analyze complex information.
The technology uses algorithms to identify patterns in data.
Large datasets are required for better accuracy and performance.
It improves efficiency by reducing manual decision-making.
Many industries use it for automation and predictive analysis.
The system can continuously improve through training processes.
Researchers focus on making these systems more scalable.
It also introduces challenges such as privacy and bias.
Learning this topic helps students understand modern AI solutions.","text, automation, generative AI, creativity, models, content"
292,What are the advanced challenges in AI Ethics implementation?,"It is widely used in advanced computing applications today.
The concept allows machines to solve difficult real-world problems.
It depends on high-quality data for accurate output generation.
Optimization methods are important for improving performance.
It supports businesses in making faster and smarter decisions.
The technology is commonly used in healthcare and finance.
Automation features help reduce repetitive human effort.
Experts work on improving reliability and transparency.
Ethical concerns must also be considered during development.
The field continues to grow with new innovations every year.","bias, fairness, trust, AI ethics, privacy, security"
293,How does Automation handle large-scale data processing?,"This topic is important in modern artificial intelligence research.
It enables systems to learn from large amounts of information.
Algorithms play a major role in solving complex tasks.
The technology helps improve speed and operational efficiency.
Many businesses rely on it for data-driven decision-making.
Training models require computational power and quality datasets.
It can identify hidden patterns that humans may overlook.
Security and fairness are important challenges in implementation.
The field supports innovation across multiple industries.
Understanding this concept is valuable for future AI careers.","tasks, systems, automation, robots, efficiency, workflow"
294,Explain the role of optimization techniques in Computer Vision.,"It is an advanced concept used in modern intelligent systems.
It helps organizations process and analyze complex information.
The technology uses algorithms to identify patterns in data.
Large datasets are required for better accuracy and performance.
It improves efficiency by reducing manual decision-making.
Many industries use it for automation and predictive analysis.
The system can continuously improve through training processes.
Researchers focus on making these systems more scalable.
It also introduces challenges such as privacy and bias.
Learning this topic helps students understand modern AI solutions.","video, computer vision, camera, detection, images, recognition"
295,How does Python for AI support predictive analytics?,"It is widely used in advanced computing applications today.
The concept allows machines to solve difficult real-world problems.
It depends on high-quality data for accurate output generation.
Optimization methods are important for improving performance.
It supports businesses in making faster and smarter decisions.
The technology is commonly used in healthcare and finance.
Automation features help reduce repetitive human effort.
Experts work on improving reliability and transparency.
Ethical concerns must also be considered during development.
The field continues to grow with new innovations every year.","programming, libraries, coding, automation, AI, Python"
296,What are the risks associated with AI Applications systems?,"This topic is important in modern artificial intelligence research.
It enables systems to learn from large amounts of information.
Algorithms play a major role in solving complex tasks.
The technology helps improve speed and operational efficiency.
Many businesses rely on it for data-driven decision-making.
Training models require computational power and quality datasets.
It can identify hidden patterns that humans may overlook.
Security and fairness are important challenges in implementation.
The field supports innovation across multiple industries.
Understanding this concept is valuable for future AI careers.","healthcare, education, finance, business, industry, AI applications"
297,How does Artificial Intelligence improve automation in industries?,"It is an advanced concept used in modern intelligent systems.
It helps organizations process and analyze complex information.
The technology uses algorithms to identify patterns in data.
Large datasets are required for better accuracy and performance.
It improves efficiency by reducing manual decision-making.
Many industries use it for automation and predictive analysis.
The system can continuously improve through training processes.
Researchers focus on making these systems more scalable.
It also introduces challenges such as privacy and bias.
Learning this topic helps students understand modern AI solutions.","prediction, AI, systems, algorithms, data, automation"
298,Explain the importance of scalability in Machine Learning.,"It is widely used in advanced computing applications today.
The concept allows machines to solve difficult real-world problems.
It depends on high-quality data for accurate output generation.
Optimization methods are important for improving performance.
It supports businesses in making faster and smarter decisions.
The technology is commonly used in healthcare and finance.
Automation features help reduce repetitive human effort.
Experts work on improving reliability and transparency.
Ethical concerns must also be considered during development.
The field continues to grow with new innovations every year.","training, data, machine learning, analytics, accuracy, models"
299,How does Deep Learning contribute to intelligent applications?,"This topic is important in modern artificial intelligence research.
It enables systems to learn from large amounts of information.
Algorithms play a major role in solving complex tasks.
The technology helps improve speed and operational efficiency.
Many businesses rely on it for data-driven decision-making.
Training models require computational power and quality datasets.
It can identify hidden patterns that humans may overlook.
Security and fairness are important challenges in implementation.
The field supports innovation across multiple industries.
Understanding this concept is valuable for future AI careers.","layers, training, patterns, neurons, deep learning, optimization"
300,What are the future trends of Natural Language Processing technologies?,"It is an advanced concept used in modern intelligent systems.
It helps organizations process and analyze complex information.
The technology uses algorithms to identify patterns in data.
Large datasets are required for better accuracy and performance.
It improves efficiency by reducing manual decision-making.
Many industries use it for automation and predictive analysis.
The system can continuously improve through training processes.
Researchers focus on making these systems more scalable.
It also introduces challenges such as privacy and bias.
Learning this topic helps students understand modern AI solutions.","translation, language, NLP, text, speech, chatbot"
